Copyright 1986-2022 Xilinx, Inc. All Rights Reserved. Copyright 2022-2025 Advanced Micro Devices, Inc. All Rights Reserved.
------------------------------------------------------------------------------------------------------------------------------------------------------------------------------------------------------------------------------------------
| Tool Version : Vivado v.2025.2 (win64) Build 6299465 Fri Nov 14 19:35:11 GMT 2025
| Date         : Tue Feb  3 00:08:16 2026
| Host         : Tul-NB running 64-bit major release  (build 9200)
| Command      : report_timing_summary -max_paths 10 -routable_nets -report_unconstrained -file top_module_timing_summary_routed.rpt -pb top_module_timing_summary_routed.pb -rpx top_module_timing_summary_routed.rpx -warn_on_violation
| Design       : top_module
| Device       : 7a35t-cpg236
| Speed File   : -1  PRODUCTION 1.23 2018-06-13
| Design State : Routed
------------------------------------------------------------------------------------------------------------------------------------------------------------------------------------------------------------------------------------------

Timing Summary Report

------------------------------------------------------------------------------------------------
| Timer Settings
| --------------
------------------------------------------------------------------------------------------------

  Enable Multi Corner Analysis               :  Yes
  Enable Pessimism Removal                   :  Yes
  Pessimism Removal Resolution               :  Nearest Common Node
  Enable Input Delay Default Clock           :  No
  Enable Preset / Clear Arcs                 :  No
  Disable Flight Delays                      :  No
  Ignore I/O Paths                           :  No
  Timing Early Launch at Borrowing Latches   :  No
  Borrow Time for Max Delay Exceptions       :  Yes
  Merge Timing Exceptions                    :  Yes
  Inter-SLR Compensation                     :  Conservative

  Corner  Analyze    Analyze    
  Name    Max Paths  Min Paths  
  ------  ---------  ---------  
  Slow    Yes        Yes        
  Fast    Yes        Yes        


------------------------------------------------------------------------------------------------
| Report Methodology
| ------------------
------------------------------------------------------------------------------------------------

Rule       Severity  Description                    Violations  
---------  --------  -----------------------------  ----------  
TIMING-18  Warning   Missing input or output delay  24          

Note: This report is based on the most recent report_methodology run and may not be up-to-date. Run report_methodology on the current design for the latest report.



check_timing report

Table of Contents
-----------------
1. checking no_clock (0)
2. checking constant_clock (0)
3. checking pulse_width_clock (0)
4. checking unconstrained_internal_endpoints (0)
5. checking no_input_delay (11)
6. checking no_output_delay (13)
7. checking multiple_clock (0)
8. checking generated_clocks (0)
9. checking loops (0)
10. checking partial_input_delay (0)
11. checking partial_output_delay (0)
12. checking latch_loops (0)

1. checking no_clock (0)
------------------------
 There are 0 register/latch pins with no clock.


2. checking constant_clock (0)
------------------------------
 There are 0 register/latch pins with constant_clock.


3. checking pulse_width_clock (0)
---------------------------------
 There are 0 register/latch pins which need pulse_width check


4. checking unconstrained_internal_endpoints (0)
------------------------------------------------
 There are 0 pins that are not constrained for maximum delay.

 There are 0 pins that are not constrained for maximum delay due to constant clock.


5. checking no_input_delay (11)
-------------------------------
 There are 11 input ports with no input delay specified. (HIGH)

 There are 0 input ports with no input delay but user has a false path constraint.


6. checking no_output_delay (13)
--------------------------------
 There are 13 ports with no output delay specified. (HIGH)

 There are 0 ports with no output delay but user has a false path constraint

 There are 0 ports with no output delay but with a timing clock defined on it or propagating through it


7. checking multiple_clock (0)
------------------------------
 There are 0 register/latch pins with multiple clocks.


8. checking generated_clocks (0)
--------------------------------
 There are 0 generated clocks that are not connected to a clock source.


9. checking loops (0)
---------------------
 There are 0 combinational loops in the design.


10. checking partial_input_delay (0)
------------------------------------
 There are 0 input ports with partial input delay specified.


11. checking partial_output_delay (0)
-------------------------------------
 There are 0 ports with partial output delay specified.


12. checking latch_loops (0)
----------------------------
 There are 0 combinational latch loops in the design through latch input



------------------------------------------------------------------------------------------------
| Design Timing Summary
| ---------------------
------------------------------------------------------------------------------------------------

    WNS(ns)      TNS(ns)  TNS Failing Endpoints  TNS Total Endpoints      WHS(ns)      THS(ns)  THS Failing Endpoints  THS Total Endpoints     WPWS(ns)     TPWS(ns)  TPWS Failing Endpoints  TPWS Total Endpoints  
    -------      -------  ---------------------  -------------------      -------      -------  ---------------------  -------------------     --------     --------  ----------------------  --------------------  
      6.561        0.000                      0                  296        0.114        0.000                      0                  296        4.500        0.000                       0                   113  


All user specified timing constraints are met.


------------------------------------------------------------------------------------------------
| Clock Summary
| -------------
------------------------------------------------------------------------------------------------

Clock    Waveform(ns)       Period(ns)      Frequency(MHz)
-----    ------------       ----------      --------------
sys_clk  {0.000 5.000}      10.000          100.000         


------------------------------------------------------------------------------------------------
| Intra Clock Table
| -----------------
------------------------------------------------------------------------------------------------

Clock             WNS(ns)      TNS(ns)  TNS Failing Endpoints  TNS Total Endpoints      WHS(ns)      THS(ns)  THS Failing Endpoints  THS Total Endpoints     WPWS(ns)     TPWS(ns)  TPWS Failing Endpoints  TPWS Total Endpoints  
-----             -------      -------  ---------------------  -------------------      -------      -------  ---------------------  -------------------     --------     --------  ----------------------  --------------------  
sys_clk             6.561        0.000                      0                  296        0.114        0.000                      0                  296        4.500        0.000                       0                   113  


------------------------------------------------------------------------------------------------
| Inter Clock Table
| -----------------
------------------------------------------------------------------------------------------------

From Clock    To Clock          WNS(ns)      TNS(ns)  TNS Failing Endpoints  TNS Total Endpoints      WHS(ns)      THS(ns)  THS Failing Endpoints  THS Total Endpoints  
----------    --------          -------      -------  ---------------------  -------------------      -------      -------  ---------------------  -------------------  


------------------------------------------------------------------------------------------------
| Other Path Groups Table
| -----------------------
------------------------------------------------------------------------------------------------

Path Group    From Clock    To Clock          WNS(ns)      TNS(ns)  TNS Failing Endpoints  TNS Total Endpoints      WHS(ns)      THS(ns)  THS Failing Endpoints  THS Total Endpoints  
----------    ----------    --------          -------      -------  ---------------------  -------------------      -------      -------  ---------------------  -------------------  


------------------------------------------------------------------------------------------------
| User Ignored Path Table
| -----------------------
------------------------------------------------------------------------------------------------

Path Group    From Clock    To Clock    
----------    ----------    --------    


------------------------------------------------------------------------------------------------
| Unconstrained Path Table
| ------------------------
------------------------------------------------------------------------------------------------

Path Group    From Clock    To Clock    
----------    ----------    --------    
(none)        sys_clk                     
(none)                      sys_clk       


------------------------------------------------------------------------------------------------
| Timing Details
| --------------
------------------------------------------------------------------------------------------------


---------------------------------------------------------------------------------------------------
From Clock:  sys_clk
  To Clock:  sys_clk

Setup :            0  Failing Endpoints,  Worst Slack        6.561ns,  Total Violation        0.000ns
Hold  :            0  Failing Endpoints,  Worst Slack        0.114ns,  Total Violation        0.000ns
PW    :            0  Failing Endpoints,  Worst Slack        4.500ns,  Total Violation        0.000ns
---------------------------------------------------------------------------------------------------


Max Delay Paths
--------------------------------------------------------------------------------------
Slack (MET) :             6.561ns  (required time - arrival time)
  Source:                 db_rst_inst/counter_reg[3]/C
                            (rising edge-triggered cell FDRE clocked by sys_clk  {rise@0.000ns fall@5.000ns period=10.000ns})
  Destination:            db_rst_inst/counter_reg[12]/CE
                            (rising edge-triggered cell FDRE clocked by sys_clk  {rise@0.000ns fall@5.000ns period=10.000ns})
  Path Group:             sys_clk
  Path Type:              Setup (Max at Slow Process Corner)
  Requirement:            10.000ns  (sys_clk rise@10.000ns - sys_clk rise@0.000ns)
  Data Path Delay:        3.208ns  (logic 0.766ns (23.880%)  route 2.442ns (76.120%))
  Logic Levels:           2  (LUT4=1 LUT5=1)
  Clock Path Skew:        -0.027ns (DCD - SCD + CPR)
    Destination Clock Delay (DCD):    4.853ns = ( 14.853 - 10.000 ) 
    Source Clock Delay      (SCD):    5.154ns
    Clock Pessimism Removal (CPR):    0.274ns
  Clock Uncertainty:      0.035ns  ((TSJ^2 + TIJ^2)^1/2 + DJ) / 2 + PE
    Total System Jitter     (TSJ):    0.071ns
    Total Input Jitter      (TIJ):    0.000ns
    Discrete Jitter          (DJ):    0.000ns
    Phase Error              (PE):    0.000ns

    Location             Delay type                Incr(ns)  Path(ns)    Netlist Resource(s)
  -------------------------------------------------------------------    -------------------
                         (clock sys_clk rise edge)    0.000     0.000 r  
    W5                                                0.000     0.000 r  clk (IN)
                         net (fo=0)                   0.000     0.000    clk
    W5                   IBUF (Prop_ibuf_I_O)         1.458     1.458 r  clk_IBUF_inst/O
                         net (fo=1, routed)           1.967     3.425    clk_IBUF
    BUFGCTRL_X0Y0        BUFG (Prop_bufg_I_O)         0.096     3.521 r  clk_IBUF_BUFG_inst/O
                         net (fo=112, routed)         1.633     5.154    db_rst_inst/CLK
    SLICE_X2Y13          FDRE                                         r  db_rst_inst/counter_reg[3]/C
  -------------------------------------------------------------------    -------------------
    SLICE_X2Y13          FDRE (Prop_fdre_C_Q)         0.518     5.672 f  db_rst_inst/counter_reg[3]/Q
                         net (fo=2, routed)           0.821     6.493    db_rst_inst/counter_reg[3]
    SLICE_X3Y15          LUT4 (Prop_lut4_I0_O)        0.124     6.617 r  db_rst_inst/counter[0]_i_4__0/O
                         net (fo=1, routed)           0.964     7.581    db_rst_inst/counter[0]_i_4__0_n_0
    SLICE_X3Y16          LUT5 (Prop_lut5_I0_O)        0.124     7.705 r  db_rst_inst/counter[0]_i_2__0/O
                         net (fo=21, routed)          0.657     8.362    db_rst_inst/counter[0]
    SLICE_X2Y16          FDRE                                         r  db_rst_inst/counter_reg[12]/CE
  -------------------------------------------------------------------    -------------------

                         (clock sys_clk rise edge)   10.000    10.000 r  
    W5                                                0.000    10.000 r  clk (IN)
                         net (fo=0)                   0.000    10.000    clk
    W5                   IBUF (Prop_ibuf_I_O)         1.388    11.388 r  clk_IBUF_inst/O
                         net (fo=1, routed)           1.862    13.250    clk_IBUF
    BUFGCTRL_X0Y0        BUFG (Prop_bufg_I_O)         0.091    13.341 r  clk_IBUF_BUFG_inst/O
                         net (fo=112, routed)         1.512    14.853    db_rst_inst/CLK
    SLICE_X2Y16          FDRE                                         r  db_rst_inst/counter_reg[12]/C
                         clock pessimism              0.274    15.127    
                         clock uncertainty           -0.035    15.092    
    SLICE_X2Y16          FDRE (Setup_fdre_C_CE)      -0.169    14.923    db_rst_inst/counter_reg[12]
  -------------------------------------------------------------------
                         required time                         14.923    
                         arrival time                          -8.362    
  -------------------------------------------------------------------
                         slack                                  6.561    

Slack (MET) :             6.561ns  (required time - arrival time)
  Source:                 db_rst_inst/counter_reg[3]/C
                            (rising edge-triggered cell FDRE clocked by sys_clk  {rise@0.000ns fall@5.000ns period=10.000ns})
  Destination:            db_rst_inst/counter_reg[13]/CE
                            (rising edge-triggered cell FDRE clocked by sys_clk  {rise@0.000ns fall@5.000ns period=10.000ns})
  Path Group:             sys_clk
  Path Type:              Setup (Max at Slow Process Corner)
  Requirement:            10.000ns  (sys_clk rise@10.000ns - sys_clk rise@0.000ns)
  Data Path Delay:        3.208ns  (logic 0.766ns (23.880%)  route 2.442ns (76.120%))
  Logic Levels:           2  (LUT4=1 LUT5=1)
  Clock Path Skew:        -0.027ns (DCD - SCD + CPR)
    Destination Clock Delay (DCD):    4.853ns = ( 14.853 - 10.000 ) 
    Source Clock Delay      (SCD):    5.154ns
    Clock Pessimism Removal (CPR):    0.274ns
  Clock Uncertainty:      0.035ns  ((TSJ^2 + TIJ^2)^1/2 + DJ) / 2 + PE
    Total System Jitter     (TSJ):    0.071ns
    Total Input Jitter      (TIJ):    0.000ns
    Discrete Jitter          (DJ):    0.000ns
    Phase Error              (PE):    0.000ns

    Location             Delay type                Incr(ns)  Path(ns)    Netlist Resource(s)
  -------------------------------------------------------------------    -------------------
                         (clock sys_clk rise edge)    0.000     0.000 r  
    W5                                                0.000     0.000 r  clk (IN)
                         net (fo=0)                   0.000     0.000    clk
    W5                   IBUF (Prop_ibuf_I_O)         1.458     1.458 r  clk_IBUF_inst/O
                         net (fo=1, routed)           1.967     3.425    clk_IBUF
    BUFGCTRL_X0Y0        BUFG (Prop_bufg_I_O)         0.096     3.521 r  clk_IBUF_BUFG_inst/O
                         net (fo=112, routed)         1.633     5.154    db_rst_inst/CLK
    SLICE_X2Y13          FDRE                                         r  db_rst_inst/counter_reg[3]/C
  -------------------------------------------------------------------    -------------------
    SLICE_X2Y13          FDRE (Prop_fdre_C_Q)         0.518     5.672 f  db_rst_inst/counter_reg[3]/Q
                         net (fo=2, routed)           0.821     6.493    db_rst_inst/counter_reg[3]
    SLICE_X3Y15          LUT4 (Prop_lut4_I0_O)        0.124     6.617 r  db_rst_inst/counter[0]_i_4__0/O
                         net (fo=1, routed)           0.964     7.581    db_rst_inst/counter[0]_i_4__0_n_0
    SLICE_X3Y16          LUT5 (Prop_lut5_I0_O)        0.124     7.705 r  db_rst_inst/counter[0]_i_2__0/O
                         net (fo=21, routed)          0.657     8.362    db_rst_inst/counter[0]
    SLICE_X2Y16          FDRE                                         r  db_rst_inst/counter_reg[13]/CE
  -------------------------------------------------------------------    -------------------

                         (clock sys_clk rise edge)   10.000    10.000 r  
    W5                                                0.000    10.000 r  clk (IN)
                         net (fo=0)                   0.000    10.000    clk
    W5                   IBUF (Prop_ibuf_I_O)         1.388    11.388 r  clk_IBUF_inst/O
                         net (fo=1, routed)           1.862    13.250    clk_IBUF
    BUFGCTRL_X0Y0        BUFG (Prop_bufg_I_O)         0.091    13.341 r  clk_IBUF_BUFG_inst/O
                         net (fo=112, routed)         1.512    14.853    db_rst_inst/CLK
    SLICE_X2Y16          FDRE                                         r  db_rst_inst/counter_reg[13]/C
                         clock pessimism              0.274    15.127    
                         clock uncertainty           -0.035    15.092    
    SLICE_X2Y16          FDRE (Setup_fdre_C_CE)      -0.169    14.923    db_rst_inst/counter_reg[13]
  -------------------------------------------------------------------
                         required time                         14.923    
                         arrival time                          -8.362    
  -------------------------------------------------------------------
                         slack                                  6.561    

Slack (MET) :             6.561ns  (required time - arrival time)
  Source:                 db_rst_inst/counter_reg[3]/C
                            (rising edge-triggered cell FDRE clocked by sys_clk  {rise@0.000ns fall@5.000ns period=10.000ns})
  Destination:            db_rst_inst/counter_reg[14]/CE
                            (rising edge-triggered cell FDRE clocked by sys_clk  {rise@0.000ns fall@5.000ns period=10.000ns})
  Path Group:             sys_clk
  Path Type:              Setup (Max at Slow Process Corner)
  Requirement:            10.000ns  (sys_clk rise@10.000ns - sys_clk rise@0.000ns)
  Data Path Delay:        3.208ns  (logic 0.766ns (23.880%)  route 2.442ns (76.120%))
  Logic Levels:           2  (LUT4=1 LUT5=1)
  Clock Path Skew:        -0.027ns (DCD - SCD + CPR)
    Destination Clock Delay (DCD):    4.853ns = ( 14.853 - 10.000 ) 
    Source Clock Delay      (SCD):    5.154ns
    Clock Pessimism Removal (CPR):    0.274ns
  Clock Uncertainty:      0.035ns  ((TSJ^2 + TIJ^2)^1/2 + DJ) / 2 + PE
    Total System Jitter     (TSJ):    0.071ns
    Total Input Jitter      (TIJ):    0.000ns
    Discrete Jitter          (DJ):    0.000ns
    Phase Error              (PE):    0.000ns

    Location             Delay type                Incr(ns)  Path(ns)    Netlist Resource(s)
  -------------------------------------------------------------------    -------------------
                         (clock sys_clk rise edge)    0.000     0.000 r  
    W5                                                0.000     0.000 r  clk (IN)
                         net (fo=0)                   0.000     0.000    clk
    W5                   IBUF (Prop_ibuf_I_O)         1.458     1.458 r  clk_IBUF_inst/O
                         net (fo=1, routed)           1.967     3.425    clk_IBUF
    BUFGCTRL_X0Y0        BUFG (Prop_bufg_I_O)         0.096     3.521 r  clk_IBUF_BUFG_inst/O
                         net (fo=112, routed)         1.633     5.154    db_rst_inst/CLK
    SLICE_X2Y13          FDRE                                         r  db_rst_inst/counter_reg[3]/C
  -------------------------------------------------------------------    -------------------
    SLICE_X2Y13          FDRE (Prop_fdre_C_Q)         0.518     5.672 f  db_rst_inst/counter_reg[3]/Q
                         net (fo=2, routed)           0.821     6.493    db_rst_inst/counter_reg[3]
    SLICE_X3Y15          LUT4 (Prop_lut4_I0_O)        0.124     6.617 r  db_rst_inst/counter[0]_i_4__0/O
                         net (fo=1, routed)           0.964     7.581    db_rst_inst/counter[0]_i_4__0_n_0
    SLICE_X3Y16          LUT5 (Prop_lut5_I0_O)        0.124     7.705 r  db_rst_inst/counter[0]_i_2__0/O
                         net (fo=21, routed)          0.657     8.362    db_rst_inst/counter[0]
    SLICE_X2Y16          FDRE                                         r  db_rst_inst/counter_reg[14]/CE
  -------------------------------------------------------------------    -------------------

                         (clock sys_clk rise edge)   10.000    10.000 r  
    W5                                                0.000    10.000 r  clk (IN)
                         net (fo=0)                   0.000    10.000    clk
    W5                   IBUF (Prop_ibuf_I_O)         1.388    11.388 r  clk_IBUF_inst/O
                         net (fo=1, routed)           1.862    13.250    clk_IBUF
    BUFGCTRL_X0Y0        BUFG (Prop_bufg_I_O)         0.091    13.341 r  clk_IBUF_BUFG_inst/O
                         net (fo=112, routed)         1.512    14.853    db_rst_inst/CLK
    SLICE_X2Y16          FDRE                                         r  db_rst_inst/counter_reg[14]/C
                         clock pessimism              0.274    15.127    
                         clock uncertainty           -0.035    15.092    
    SLICE_X2Y16          FDRE (Setup_fdre_C_CE)      -0.169    14.923    db_rst_inst/counter_reg[14]
  -------------------------------------------------------------------
                         required time                         14.923    
                         arrival time                          -8.362    
  -------------------------------------------------------------------
                         slack                                  6.561    

Slack (MET) :             6.561ns  (required time - arrival time)
  Source:                 db_rst_inst/counter_reg[3]/C
                            (rising edge-triggered cell FDRE clocked by sys_clk  {rise@0.000ns fall@5.000ns period=10.000ns})
  Destination:            db_rst_inst/counter_reg[15]/CE
                            (rising edge-triggered cell FDRE clocked by sys_clk  {rise@0.000ns fall@5.000ns period=10.000ns})
  Path Group:             sys_clk
  Path Type:              Setup (Max at Slow Process Corner)
  Requirement:            10.000ns  (sys_clk rise@10.000ns - sys_clk rise@0.000ns)
  Data Path Delay:        3.208ns  (logic 0.766ns (23.880%)  route 2.442ns (76.120%))
  Logic Levels:           2  (LUT4=1 LUT5=1)
  Clock Path Skew:        -0.027ns (DCD - SCD + CPR)
    Destination Clock Delay (DCD):    4.853ns = ( 14.853 - 10.000 ) 
    Source Clock Delay      (SCD):    5.154ns
    Clock Pessimism Removal (CPR):    0.274ns
  Clock Uncertainty:      0.035ns  ((TSJ^2 + TIJ^2)^1/2 + DJ) / 2 + PE
    Total System Jitter     (TSJ):    0.071ns
    Total Input Jitter      (TIJ):    0.000ns
    Discrete Jitter          (DJ):    0.000ns
    Phase Error              (PE):    0.000ns

    Location             Delay type                Incr(ns)  Path(ns)    Netlist Resource(s)
  -------------------------------------------------------------------    -------------------
                         (clock sys_clk rise edge)    0.000     0.000 r  
    W5                                                0.000     0.000 r  clk (IN)
                         net (fo=0)                   0.000     0.000    clk
    W5                   IBUF (Prop_ibuf_I_O)         1.458     1.458 r  clk_IBUF_inst/O
                         net (fo=1, routed)           1.967     3.425    clk_IBUF
    BUFGCTRL_X0Y0        BUFG (Prop_bufg_I_O)         0.096     3.521 r  clk_IBUF_BUFG_inst/O
                         net (fo=112, routed)         1.633     5.154    db_rst_inst/CLK
    SLICE_X2Y13          FDRE                                         r  db_rst_inst/counter_reg[3]/C
  -------------------------------------------------------------------    -------------------
    SLICE_X2Y13          FDRE (Prop_fdre_C_Q)         0.518     5.672 f  db_rst_inst/counter_reg[3]/Q
                         net (fo=2, routed)           0.821     6.493    db_rst_inst/counter_reg[3]
    SLICE_X3Y15          LUT4 (Prop_lut4_I0_O)        0.124     6.617 r  db_rst_inst/counter[0]_i_4__0/O
                         net (fo=1, routed)           0.964     7.581    db_rst_inst/counter[0]_i_4__0_n_0
    SLICE_X3Y16          LUT5 (Prop_lut5_I0_O)        0.124     7.705 r  db_rst_inst/counter[0]_i_2__0/O
                         net (fo=21, routed)          0.657     8.362    db_rst_inst/counter[0]
    SLICE_X2Y16          FDRE                                         r  db_rst_inst/counter_reg[15]/CE
  -------------------------------------------------------------------    -------------------

                         (clock sys_clk rise edge)   10.000    10.000 r  
    W5                                                0.000    10.000 r  clk (IN)
                         net (fo=0)                   0.000    10.000    clk
    W5                   IBUF (Prop_ibuf_I_O)         1.388    11.388 r  clk_IBUF_inst/O
                         net (fo=1, routed)           1.862    13.250    clk_IBUF
    BUFGCTRL_X0Y0        BUFG (Prop_bufg_I_O)         0.091    13.341 r  clk_IBUF_BUFG_inst/O
                         net (fo=112, routed)         1.512    14.853    db_rst_inst/CLK
    SLICE_X2Y16          FDRE                                         r  db_rst_inst/counter_reg[15]/C
                         clock pessimism              0.274    15.127    
                         clock uncertainty           -0.035    15.092    
    SLICE_X2Y16          FDRE (Setup_fdre_C_CE)      -0.169    14.923    db_rst_inst/counter_reg[15]
  -------------------------------------------------------------------
                         required time                         14.923    
                         arrival time                          -8.362    
  -------------------------------------------------------------------
                         slack                                  6.561    

Slack (MET) :             6.570ns  (required time - arrival time)
  Source:                 db_rst/counter_reg[9]/C
                            (rising edge-triggered cell FDRE clocked by sys_clk  {rise@0.000ns fall@5.000ns period=10.000ns})
  Destination:            db_rst/counter_reg[16]/CE
                            (rising edge-triggered cell FDRE clocked by sys_clk  {rise@0.000ns fall@5.000ns period=10.000ns})
  Path Group:             sys_clk
  Path Type:              Setup (Max at Slow Process Corner)
  Requirement:            10.000ns  (sys_clk rise@10.000ns - sys_clk rise@0.000ns)
  Data Path Delay:        3.164ns  (logic 0.704ns (22.252%)  route 2.460ns (77.748%))
  Logic Levels:           2  (LUT4=1 LUT5=1)
  Clock Path Skew:        -0.026ns (DCD - SCD + CPR)
    Destination Clock Delay (DCD):    4.853ns = ( 14.853 - 10.000 ) 
    Source Clock Delay      (SCD):    5.152ns
    Clock Pessimism Removal (CPR):    0.273ns
  Clock Uncertainty:      0.035ns  ((TSJ^2 + TIJ^2)^1/2 + DJ) / 2 + PE
    Total System Jitter     (TSJ):    0.071ns
    Total Input Jitter      (TIJ):    0.000ns
    Discrete Jitter          (DJ):    0.000ns
    Phase Error              (PE):    0.000ns

    Location             Delay type                Incr(ns)  Path(ns)    Netlist Resource(s)
  -------------------------------------------------------------------    -------------------
                         (clock sys_clk rise edge)    0.000     0.000 r  
    W5                                                0.000     0.000 r  clk (IN)
                         net (fo=0)                   0.000     0.000    clk
    W5                   IBUF (Prop_ibuf_I_O)         1.458     1.458 r  clk_IBUF_inst/O
                         net (fo=1, routed)           1.967     3.425    clk_IBUF
    BUFGCTRL_X0Y0        BUFG (Prop_bufg_I_O)         0.096     3.521 r  clk_IBUF_BUFG_inst/O
                         net (fo=112, routed)         1.631     5.152    db_rst/CLK
    SLICE_X5Y12          FDRE                                         r  db_rst/counter_reg[9]/C
  -------------------------------------------------------------------    -------------------
    SLICE_X5Y12          FDRE (Prop_fdre_C_Q)         0.456     5.608 f  db_rst/counter_reg[9]/Q
                         net (fo=2, routed)           0.999     6.607    db_rst/counter_reg[9]
    SLICE_X4Y12          LUT4 (Prop_lut4_I2_O)        0.124     6.731 r  db_rst/counter[0]_i_6/O
                         net (fo=1, routed)           0.674     7.405    db_rst/counter[0]_i_6_n_0
    SLICE_X4Y12          LUT5 (Prop_lut5_I2_O)        0.124     7.529 r  db_rst/counter[0]_i_2/O
                         net (fo=21, routed)          0.787     8.316    db_rst/counter[0]
    SLICE_X5Y14          FDRE                                         r  db_rst/counter_reg[16]/CE
  -------------------------------------------------------------------    -------------------

                         (clock sys_clk rise edge)   10.000    10.000 r  
    W5                                                0.000    10.000 r  clk (IN)
                         net (fo=0)                   0.000    10.000    clk
    W5                   IBUF (Prop_ibuf_I_O)         1.388    11.388 r  clk_IBUF_inst/O
                         net (fo=1, routed)           1.862    13.250    clk_IBUF
    BUFGCTRL_X0Y0        BUFG (Prop_bufg_I_O)         0.091    13.341 r  clk_IBUF_BUFG_inst/O
                         net (fo=112, routed)         1.512    14.853    db_rst/CLK
    SLICE_X5Y14          FDRE                                         r  db_rst/counter_reg[16]/C
                         clock pessimism              0.273    15.126    
                         clock uncertainty           -0.035    15.091    
    SLICE_X5Y14          FDRE (Setup_fdre_C_CE)      -0.205    14.886    db_rst/counter_reg[16]
  -------------------------------------------------------------------
                         required time                         14.886    
                         arrival time                          -8.316    
  -------------------------------------------------------------------
                         slack                                  6.570    

Slack (MET) :             6.570ns  (required time - arrival time)
  Source:                 db_rst/counter_reg[9]/C
                            (rising edge-triggered cell FDRE clocked by sys_clk  {rise@0.000ns fall@5.000ns period=10.000ns})
  Destination:            db_rst/counter_reg[17]/CE
                            (rising edge-triggered cell FDRE clocked by sys_clk  {rise@0.000ns fall@5.000ns period=10.000ns})
  Path Group:             sys_clk
  Path Type:              Setup (Max at Slow Process Corner)
  Requirement:            10.000ns  (sys_clk rise@10.000ns - sys_clk rise@0.000ns)
  Data Path Delay:        3.164ns  (logic 0.704ns (22.252%)  route 2.460ns (77.748%))
  Logic Levels:           2  (LUT4=1 LUT5=1)
  Clock Path Skew:        -0.026ns (DCD - SCD + CPR)
    Destination Clock Delay (DCD):    4.853ns = ( 14.853 - 10.000 ) 
    Source Clock Delay      (SCD):    5.152ns
    Clock Pessimism Removal (CPR):    0.273ns
  Clock Uncertainty:      0.035ns  ((TSJ^2 + TIJ^2)^1/2 + DJ) / 2 + PE
    Total System Jitter     (TSJ):    0.071ns
    Total Input Jitter      (TIJ):    0.000ns
    Discrete Jitter          (DJ):    0.000ns
    Phase Error              (PE):    0.000ns

    Location             Delay type                Incr(ns)  Path(ns)    Netlist Resource(s)
  -------------------------------------------------------------------    -------------------
                         (clock sys_clk rise edge)    0.000     0.000 r  
    W5                                                0.000     0.000 r  clk (IN)
                         net (fo=0)                   0.000     0.000    clk
    W5                   IBUF (Prop_ibuf_I_O)         1.458     1.458 r  clk_IBUF_inst/O
                         net (fo=1, routed)           1.967     3.425    clk_IBUF
    BUFGCTRL_X0Y0        BUFG (Prop_bufg_I_O)         0.096     3.521 r  clk_IBUF_BUFG_inst/O
                         net (fo=112, routed)         1.631     5.152    db_rst/CLK
    SLICE_X5Y12          FDRE                                         r  db_rst/counter_reg[9]/C
  -------------------------------------------------------------------    -------------------
    SLICE_X5Y12          FDRE (Prop_fdre_C_Q)         0.456     5.608 f  db_rst/counter_reg[9]/Q
                         net (fo=2, routed)           0.999     6.607    db_rst/counter_reg[9]
    SLICE_X4Y12          LUT4 (Prop_lut4_I2_O)        0.124     6.731 r  db_rst/counter[0]_i_6/O
                         net (fo=1, routed)           0.674     7.405    db_rst/counter[0]_i_6_n_0
    SLICE_X4Y12          LUT5 (Prop_lut5_I2_O)        0.124     7.529 r  db_rst/counter[0]_i_2/O
                         net (fo=21, routed)          0.787     8.316    db_rst/counter[0]
    SLICE_X5Y14          FDRE                                         r  db_rst/counter_reg[17]/CE
  -------------------------------------------------------------------    -------------------

                         (clock sys_clk rise edge)   10.000    10.000 r  
    W5                                                0.000    10.000 r  clk (IN)
                         net (fo=0)                   0.000    10.000    clk
    W5                   IBUF (Prop_ibuf_I_O)         1.388    11.388 r  clk_IBUF_inst/O
                         net (fo=1, routed)           1.862    13.250    clk_IBUF
    BUFGCTRL_X0Y0        BUFG (Prop_bufg_I_O)         0.091    13.341 r  clk_IBUF_BUFG_inst/O
                         net (fo=112, routed)         1.512    14.853    db_rst/CLK
    SLICE_X5Y14          FDRE                                         r  db_rst/counter_reg[17]/C
                         clock pessimism              0.273    15.126    
                         clock uncertainty           -0.035    15.091    
    SLICE_X5Y14          FDRE (Setup_fdre_C_CE)      -0.205    14.886    db_rst/counter_reg[17]
  -------------------------------------------------------------------
                         required time                         14.886    
                         arrival time                          -8.316    
  -------------------------------------------------------------------
                         slack                                  6.570    

Slack (MET) :             6.570ns  (required time - arrival time)
  Source:                 db_rst/counter_reg[9]/C
                            (rising edge-triggered cell FDRE clocked by sys_clk  {rise@0.000ns fall@5.000ns period=10.000ns})
  Destination:            db_rst/counter_reg[18]/CE
                            (rising edge-triggered cell FDRE clocked by sys_clk  {rise@0.000ns fall@5.000ns period=10.000ns})
  Path Group:             sys_clk
  Path Type:              Setup (Max at Slow Process Corner)
  Requirement:            10.000ns  (sys_clk rise@10.000ns - sys_clk rise@0.000ns)
  Data Path Delay:        3.164ns  (logic 0.704ns (22.252%)  route 2.460ns (77.748%))
  Logic Levels:           2  (LUT4=1 LUT5=1)
  Clock Path Skew:        -0.026ns (DCD - SCD + CPR)
    Destination Clock Delay (DCD):    4.853ns = ( 14.853 - 10.000 ) 
    Source Clock Delay      (SCD):    5.152ns
    Clock Pessimism Removal (CPR):    0.273ns
  Clock Uncertainty:      0.035ns  ((TSJ^2 + TIJ^2)^1/2 + DJ) / 2 + PE
    Total System Jitter     (TSJ):    0.071ns
    Total Input Jitter      (TIJ):    0.000ns
    Discrete Jitter          (DJ):    0.000ns
    Phase Error              (PE):    0.000ns

    Location             Delay type                Incr(ns)  Path(ns)    Netlist Resource(s)
  -------------------------------------------------------------------    -------------------
                         (clock sys_clk rise edge)    0.000     0.000 r  
    W5                                                0.000     0.000 r  clk (IN)
                         net (fo=0)                   0.000     0.000    clk
    W5                   IBUF (Prop_ibuf_I_O)         1.458     1.458 r  clk_IBUF_inst/O
                         net (fo=1, routed)           1.967     3.425    clk_IBUF
    BUFGCTRL_X0Y0        BUFG (Prop_bufg_I_O)         0.096     3.521 r  clk_IBUF_BUFG_inst/O
                         net (fo=112, routed)         1.631     5.152    db_rst/CLK
    SLICE_X5Y12          FDRE                                         r  db_rst/counter_reg[9]/C
  -------------------------------------------------------------------    -------------------
    SLICE_X5Y12          FDRE (Prop_fdre_C_Q)         0.456     5.608 f  db_rst/counter_reg[9]/Q
                         net (fo=2, routed)           0.999     6.607    db_rst/counter_reg[9]
    SLICE_X4Y12          LUT4 (Prop_lut4_I2_O)        0.124     6.731 r  db_rst/counter[0]_i_6/O
                         net (fo=1, routed)           0.674     7.405    db_rst/counter[0]_i_6_n_0
    SLICE_X4Y12          LUT5 (Prop_lut5_I2_O)        0.124     7.529 r  db_rst/counter[0]_i_2/O
                         net (fo=21, routed)          0.787     8.316    db_rst/counter[0]
    SLICE_X5Y14          FDRE                                         r  db_rst/counter_reg[18]/CE
  -------------------------------------------------------------------    -------------------

                         (clock sys_clk rise edge)   10.000    10.000 r  
    W5                                                0.000    10.000 r  clk (IN)
                         net (fo=0)                   0.000    10.000    clk
    W5                   IBUF (Prop_ibuf_I_O)         1.388    11.388 r  clk_IBUF_inst/O
                         net (fo=1, routed)           1.862    13.250    clk_IBUF
    BUFGCTRL_X0Y0        BUFG (Prop_bufg_I_O)         0.091    13.341 r  clk_IBUF_BUFG_inst/O
                         net (fo=112, routed)         1.512    14.853    db_rst/CLK
    SLICE_X5Y14          FDRE                                         r  db_rst/counter_reg[18]/C
                         clock pessimism              0.273    15.126    
                         clock uncertainty           -0.035    15.091    
    SLICE_X5Y14          FDRE (Setup_fdre_C_CE)      -0.205    14.886    db_rst/counter_reg[18]
  -------------------------------------------------------------------
                         required time                         14.886    
                         arrival time                          -8.316    
  -------------------------------------------------------------------
                         slack                                  6.570    

Slack (MET) :             6.570ns  (required time - arrival time)
  Source:                 db_rst/counter_reg[9]/C
                            (rising edge-triggered cell FDRE clocked by sys_clk  {rise@0.000ns fall@5.000ns period=10.000ns})
  Destination:            db_rst/counter_reg[19]/CE
                            (rising edge-triggered cell FDRE clocked by sys_clk  {rise@0.000ns fall@5.000ns period=10.000ns})
  Path Group:             sys_clk
  Path Type:              Setup (Max at Slow Process Corner)
  Requirement:            10.000ns  (sys_clk rise@10.000ns - sys_clk rise@0.000ns)
  Data Path Delay:        3.164ns  (logic 0.704ns (22.252%)  route 2.460ns (77.748%))
  Logic Levels:           2  (LUT4=1 LUT5=1)
  Clock Path Skew:        -0.026ns (DCD - SCD + CPR)
    Destination Clock Delay (DCD):    4.853ns = ( 14.853 - 10.000 ) 
    Source Clock Delay      (SCD):    5.152ns
    Clock Pessimism Removal (CPR):    0.273ns
  Clock Uncertainty:      0.035ns  ((TSJ^2 + TIJ^2)^1/2 + DJ) / 2 + PE
    Total System Jitter     (TSJ):    0.071ns
    Total Input Jitter      (TIJ):    0.000ns
    Discrete Jitter          (DJ):    0.000ns
    Phase Error              (PE):    0.000ns

    Location             Delay type                Incr(ns)  Path(ns)    Netlist Resource(s)
  -------------------------------------------------------------------    -------------------
                         (clock sys_clk rise edge)    0.000     0.000 r  
    W5                                                0.000     0.000 r  clk (IN)
                         net (fo=0)                   0.000     0.000    clk
    W5                   IBUF (Prop_ibuf_I_O)         1.458     1.458 r  clk_IBUF_inst/O
                         net (fo=1, routed)           1.967     3.425    clk_IBUF
    BUFGCTRL_X0Y0        BUFG (Prop_bufg_I_O)         0.096     3.521 r  clk_IBUF_BUFG_inst/O
                         net (fo=112, routed)         1.631     5.152    db_rst/CLK
    SLICE_X5Y12          FDRE                                         r  db_rst/counter_reg[9]/C
  -------------------------------------------------------------------    -------------------
    SLICE_X5Y12          FDRE (Prop_fdre_C_Q)         0.456     5.608 f  db_rst/counter_reg[9]/Q
                         net (fo=2, routed)           0.999     6.607    db_rst/counter_reg[9]
    SLICE_X4Y12          LUT4 (Prop_lut4_I2_O)        0.124     6.731 r  db_rst/counter[0]_i_6/O
                         net (fo=1, routed)           0.674     7.405    db_rst/counter[0]_i_6_n_0
    SLICE_X4Y12          LUT5 (Prop_lut5_I2_O)        0.124     7.529 r  db_rst/counter[0]_i_2/O
                         net (fo=21, routed)          0.787     8.316    db_rst/counter[0]
    SLICE_X5Y14          FDRE                                         r  db_rst/counter_reg[19]/CE
  -------------------------------------------------------------------    -------------------

                         (clock sys_clk rise edge)   10.000    10.000 r  
    W5                                                0.000    10.000 r  clk (IN)
                         net (fo=0)                   0.000    10.000    clk
    W5                   IBUF (Prop_ibuf_I_O)         1.388    11.388 r  clk_IBUF_inst/O
                         net (fo=1, routed)           1.862    13.250    clk_IBUF
    BUFGCTRL_X0Y0        BUFG (Prop_bufg_I_O)         0.091    13.341 r  clk_IBUF_BUFG_inst/O
                         net (fo=112, routed)         1.512    14.853    db_rst/CLK
    SLICE_X5Y14          FDRE                                         r  db_rst/counter_reg[19]/C
                         clock pessimism              0.273    15.126    
                         clock uncertainty           -0.035    15.091    
    SLICE_X5Y14          FDRE (Setup_fdre_C_CE)      -0.205    14.886    db_rst/counter_reg[19]
  -------------------------------------------------------------------
                         required time                         14.886    
                         arrival time                          -8.316    
  -------------------------------------------------------------------
                         slack                                  6.570    

Slack (MET) :             6.671ns  (required time - arrival time)
  Source:                 db_pop_inst/counter_reg[2]/C
                            (rising edge-triggered cell FDRE clocked by sys_clk  {rise@0.000ns fall@5.000ns period=10.000ns})
  Destination:            db_pop_inst/data_out_reg/D
                            (rising edge-triggered cell FDRE clocked by sys_clk  {rise@0.000ns fall@5.000ns period=10.000ns})
  Path Group:             sys_clk
  Path Type:              Setup (Max at Slow Process Corner)
  Requirement:            10.000ns  (sys_clk rise@10.000ns - sys_clk rise@0.000ns)
  Data Path Delay:        3.285ns  (logic 0.890ns (27.091%)  route 2.395ns (72.909%))
  Logic Levels:           3  (LUT4=2 LUT5=1)
  Clock Path Skew:        -0.037ns (DCD - SCD + CPR)
    Destination Clock Delay (DCD):    4.851ns = ( 14.851 - 10.000 ) 
    Source Clock Delay      (SCD):    5.148ns
    Clock Pessimism Removal (CPR):    0.260ns
  Clock Uncertainty:      0.035ns  ((TSJ^2 + TIJ^2)^1/2 + DJ) / 2 + PE
    Total System Jitter     (TSJ):    0.071ns
    Total Input Jitter      (TIJ):    0.000ns
    Discrete Jitter          (DJ):    0.000ns
    Phase Error              (PE):    0.000ns

    Location             Delay type                Incr(ns)  Path(ns)    Netlist Resource(s)
  -------------------------------------------------------------------    -------------------
                         (clock sys_clk rise edge)    0.000     0.000 r  
    W5                                                0.000     0.000 r  clk (IN)
                         net (fo=0)                   0.000     0.000    clk
    W5                   IBUF (Prop_ibuf_I_O)         1.458     1.458 r  clk_IBUF_inst/O
                         net (fo=1, routed)           1.967     3.425    clk_IBUF
    BUFGCTRL_X0Y0        BUFG (Prop_bufg_I_O)         0.096     3.521 r  clk_IBUF_BUFG_inst/O
                         net (fo=112, routed)         1.627     5.148    db_pop_inst/CLK
    SLICE_X2Y18          FDRE                                         r  db_pop_inst/counter_reg[2]/C
  -------------------------------------------------------------------    -------------------
    SLICE_X2Y18          FDRE (Prop_fdre_C_Q)         0.518     5.666 f  db_pop_inst/counter_reg[2]/Q
                         net (fo=2, routed)           0.822     6.488    db_pop_inst/counter_reg[2]
    SLICE_X3Y19          LUT4 (Prop_lut4_I0_O)        0.124     6.612 r  db_pop_inst/counter[0]_i_6__1/O
                         net (fo=1, routed)           0.665     7.277    db_pop_inst/counter[0]_i_6__1_n_0
    SLICE_X3Y19          LUT5 (Prop_lut5_I2_O)        0.124     7.401 r  db_pop_inst/counter[0]_i_2__1/O
                         net (fo=21, routed)          0.908     8.310    db_pop_inst/counter[0]
    SLICE_X4Y16          LUT4 (Prop_lut4_I2_O)        0.124     8.434 r  db_pop_inst/data_out_i_1__1/O
                         net (fo=1, routed)           0.000     8.434    db_pop_inst/data_out_i_1__1_n_0
    SLICE_X4Y16          FDRE                                         r  db_pop_inst/data_out_reg/D
  -------------------------------------------------------------------    -------------------

                         (clock sys_clk rise edge)   10.000    10.000 r  
    W5                                                0.000    10.000 r  clk (IN)
                         net (fo=0)                   0.000    10.000    clk
    W5                   IBUF (Prop_ibuf_I_O)         1.388    11.388 r  clk_IBUF_inst/O
                         net (fo=1, routed)           1.862    13.250    clk_IBUF
    BUFGCTRL_X0Y0        BUFG (Prop_bufg_I_O)         0.091    13.341 r  clk_IBUF_BUFG_inst/O
                         net (fo=112, routed)         1.510    14.851    db_pop_inst/CLK
    SLICE_X4Y16          FDRE                                         r  db_pop_inst/data_out_reg/C
                         clock pessimism              0.260    15.111    
                         clock uncertainty           -0.035    15.076    
    SLICE_X4Y16          FDRE (Setup_fdre_C_D)        0.029    15.105    db_pop_inst/data_out_reg
  -------------------------------------------------------------------
                         required time                         15.105    
                         arrival time                          -8.434    
  -------------------------------------------------------------------
                         slack                                  6.671    

Slack (MET) :             6.694ns  (required time - arrival time)
  Source:                 my_fifo/my_bram/U0/inst_blk_mem_gen/gnbram.gnativebmg.native_blk_mem_gen/valid.cstr/ramloop[0].ram.r/prim_noinit.ram/DEVICE_7SERIES.NO_BMM_INFO.SDP.WIDE_PRIM18.ram/CLKARDCLK
                            (rising edge-triggered cell RAMB18E1 clocked by sys_clk  {rise@0.000ns fall@5.000ns period=10.000ns})
  Destination:            popped_data_reg[1]/D
                            (rising edge-triggered cell FDRE clocked by sys_clk  {rise@0.000ns fall@5.000ns period=10.000ns})
  Path Group:             sys_clk
  Path Type:              Setup (Max at Slow Process Corner)
  Requirement:            10.000ns  (sys_clk rise@10.000ns - sys_clk rise@0.000ns)
  Data Path Delay:        3.146ns  (logic 2.454ns (78.002%)  route 0.692ns (21.998%))
  Logic Levels:           0  
  Clock Path Skew:        -0.062ns (DCD - SCD + CPR)
    Destination Clock Delay (DCD):    4.785ns = ( 14.785 - 10.000 ) 
    Source Clock Delay      (SCD):    5.122ns
    Clock Pessimism Removal (CPR):    0.274ns
  Clock Uncertainty:      0.035ns  ((TSJ^2 + TIJ^2)^1/2 + DJ) / 2 + PE
    Total System Jitter     (TSJ):    0.071ns
    Total Input Jitter      (TIJ):    0.000ns
    Discrete Jitter          (DJ):    0.000ns
    Phase Error              (PE):    0.000ns

    Location             Delay type                Incr(ns)  Path(ns)    Netlist Resource(s)
  -------------------------------------------------------------------    -------------------
                         (clock sys_clk rise edge)    0.000     0.000 r  
    W5                                                0.000     0.000 r  clk (IN)
                         net (fo=0)                   0.000     0.000    clk
    W5                   IBUF (Prop_ibuf_I_O)         1.458     1.458 r  clk_IBUF_inst/O
                         net (fo=1, routed)           1.967     3.425    clk_IBUF
    BUFGCTRL_X0Y0        BUFG (Prop_bufg_I_O)         0.096     3.521 r  clk_IBUF_BUFG_inst/O
                         net (fo=112, routed)         1.601     5.122    my_fifo/my_bram/U0/inst_blk_mem_gen/gnbram.gnativebmg.native_blk_mem_gen/valid.cstr/ramloop[0].ram.r/prim_noinit.ram/clkb
    RAMB18_X0Y6          RAMB18E1                                     r  my_fifo/my_bram/U0/inst_blk_mem_gen/gnbram.gnativebmg.native_blk_mem_gen/valid.cstr/ramloop[0].ram.r/prim_noinit.ram/DEVICE_7SERIES.NO_BMM_INFO.SDP.WIDE_PRIM18.ram/CLKARDCLK
  -------------------------------------------------------------------    -------------------
    RAMB18_X0Y6          RAMB18E1 (Prop_ramb18e1_CLKARDCLK_DOADO[1])
                                                      2.454     7.576 r  my_fifo/my_bram/U0/inst_blk_mem_gen/gnbram.gnativebmg.native_blk_mem_gen/valid.cstr/ramloop[0].ram.r/prim_noinit.ram/DEVICE_7SERIES.NO_BMM_INFO.SDP.WIDE_PRIM18.ram/DOADO[1]
                         net (fo=1, routed)           0.692     8.268    fifo_dout[1]
    SLICE_X9Y15          FDRE                                         r  popped_data_reg[1]/D
  -------------------------------------------------------------------    -------------------

                         (clock sys_clk rise edge)   10.000    10.000 r  
    W5                                                0.000    10.000 r  clk (IN)
                         net (fo=0)                   0.000    10.000    clk
    W5                   IBUF (Prop_ibuf_I_O)         1.388    11.388 r  clk_IBUF_inst/O
                         net (fo=1, routed)           1.862    13.250    clk_IBUF
    BUFGCTRL_X0Y0        BUFG (Prop_bufg_I_O)         0.091    13.341 r  clk_IBUF_BUFG_inst/O
                         net (fo=112, routed)         1.444    14.785    clk_IBUF_BUFG
    SLICE_X9Y15          FDRE                                         r  popped_data_reg[1]/C
                         clock pessimism              0.274    15.059    
                         clock uncertainty           -0.035    15.024    
    SLICE_X9Y15          FDRE (Setup_fdre_C_D)       -0.062    14.962    popped_data_reg[1]
  -------------------------------------------------------------------
                         required time                         14.962    
                         arrival time                          -8.268    
  -------------------------------------------------------------------
                         slack                                  6.694    





Min Delay Paths
--------------------------------------------------------------------------------------
Slack (MET) :             0.114ns  (arrival time - required time)
  Source:                 my_fifo/front_reg[2]/C
                            (rising edge-triggered cell FDRE clocked by sys_clk  {rise@0.000ns fall@5.000ns period=10.000ns})
  Destination:            my_fifo/my_bram/U0/inst_blk_mem_gen/gnbram.gnativebmg.native_blk_mem_gen/valid.cstr/ramloop[0].ram.r/prim_noinit.ram/DEVICE_7SERIES.NO_BMM_INFO.SDP.WIDE_PRIM18.ram/ADDRARDADDR[7]
                            (rising edge-triggered cell RAMB18E1 clocked by sys_clk  {rise@0.000ns fall@5.000ns period=10.000ns})
  Path Group:             sys_clk
  Path Type:              Hold (Min at Fast Process Corner)
  Requirement:            0.000ns  (sys_clk rise@0.000ns - sys_clk rise@0.000ns)
  Data Path Delay:        0.296ns  (logic 0.128ns (43.207%)  route 0.168ns (56.793%))
  Logic Levels:           0  
  Clock Path Skew:        0.053ns (DCD - SCD - CPR)
    Destination Clock Delay (DCD):    1.997ns
    Source Clock Delay      (SCD):    1.445ns
    Clock Pessimism Removal (CPR):    0.498ns

    Location             Delay type                Incr(ns)  Path(ns)    Netlist Resource(s)
  -------------------------------------------------------------------    -------------------
                         (clock sys_clk rise edge)    0.000     0.000 r  
    W5                                                0.000     0.000 r  clk (IN)
                         net (fo=0)                   0.000     0.000    clk
    W5                   IBUF (Prop_ibuf_I_O)         0.226     0.226 r  clk_IBUF_inst/O
                         net (fo=1, routed)           0.631     0.858    clk_IBUF
    BUFGCTRL_X0Y0        BUFG (Prop_bufg_I_O)         0.026     0.884 r  clk_IBUF_BUFG_inst/O
                         net (fo=112, routed)         0.562     1.445    my_fifo/CLK
    SLICE_X9Y15          FDRE                                         r  my_fifo/front_reg[2]/C
  -------------------------------------------------------------------    -------------------
    SLICE_X9Y15          FDRE (Prop_fdre_C_Q)         0.128     1.573 r  my_fifo/front_reg[2]/Q
                         net (fo=2, routed)           0.168     1.741    my_fifo/my_bram/U0/inst_blk_mem_gen/gnbram.gnativebmg.native_blk_mem_gen/valid.cstr/ramloop[0].ram.r/prim_noinit.ram/addrb[2]
    RAMB18_X0Y6          RAMB18E1                                     r  my_fifo/my_bram/U0/inst_blk_mem_gen/gnbram.gnativebmg.native_blk_mem_gen/valid.cstr/ramloop[0].ram.r/prim_noinit.ram/DEVICE_7SERIES.NO_BMM_INFO.SDP.WIDE_PRIM18.ram/ADDRARDADDR[7]
  -------------------------------------------------------------------    -------------------

                         (clock sys_clk rise edge)    0.000     0.000 r  
    W5                                                0.000     0.000 r  clk (IN)
                         net (fo=0)                   0.000     0.000    clk
    W5                   IBUF (Prop_ibuf_I_O)         0.414     0.414 r  clk_IBUF_inst/O
                         net (fo=1, routed)           0.685     1.099    clk_IBUF
    BUFGCTRL_X0Y0        BUFG (Prop_bufg_I_O)         0.029     1.128 r  clk_IBUF_BUFG_inst/O
                         net (fo=112, routed)         0.869     1.997    my_fifo/my_bram/U0/inst_blk_mem_gen/gnbram.gnativebmg.native_blk_mem_gen/valid.cstr/ramloop[0].ram.r/prim_noinit.ram/clkb
    RAMB18_X0Y6          RAMB18E1                                     r  my_fifo/my_bram/U0/inst_blk_mem_gen/gnbram.gnativebmg.native_blk_mem_gen/valid.cstr/ramloop[0].ram.r/prim_noinit.ram/DEVICE_7SERIES.NO_BMM_INFO.SDP.WIDE_PRIM18.ram/CLKARDCLK
                         clock pessimism             -0.498     1.499    
    RAMB18_X0Y6          RAMB18E1 (Hold_ramb18e1_CLKARDCLK_ADDRARDADDR[7])
                                                      0.129     1.628    my_fifo/my_bram/U0/inst_blk_mem_gen/gnbram.gnativebmg.native_blk_mem_gen/valid.cstr/ramloop[0].ram.r/prim_noinit.ram/DEVICE_7SERIES.NO_BMM_INFO.SDP.WIDE_PRIM18.ram
  -------------------------------------------------------------------
                         required time                         -1.628    
                         arrival time                           1.741    
  -------------------------------------------------------------------
                         slack                                  0.114    

Slack (MET) :             0.122ns  (arrival time - required time)
  Source:                 my_fifo/front_reg[1]/C
                            (rising edge-triggered cell FDRE clocked by sys_clk  {rise@0.000ns fall@5.000ns period=10.000ns})
  Destination:            my_fifo/my_bram/U0/inst_blk_mem_gen/gnbram.gnativebmg.native_blk_mem_gen/valid.cstr/ramloop[0].ram.r/prim_noinit.ram/DEVICE_7SERIES.NO_BMM_INFO.SDP.WIDE_PRIM18.ram/ADDRARDADDR[6]
                            (rising edge-triggered cell RAMB18E1 clocked by sys_clk  {rise@0.000ns fall@5.000ns period=10.000ns})
  Path Group:             sys_clk
  Path Type:              Hold (Min at Fast Process Corner)
  Requirement:            0.000ns  (sys_clk rise@0.000ns - sys_clk rise@0.000ns)
  Data Path Delay:        0.358ns  (logic 0.141ns (39.373%)  route 0.217ns (60.627%))
  Logic Levels:           0  
  Clock Path Skew:        0.053ns (DCD - SCD - CPR)
    Destination Clock Delay (DCD):    1.997ns
    Source Clock Delay      (SCD):    1.445ns
    Clock Pessimism Removal (CPR):    0.498ns

    Location             Delay type                Incr(ns)  Path(ns)    Netlist Resource(s)
  -------------------------------------------------------------------    -------------------
                         (clock sys_clk rise edge)    0.000     0.000 r  
    W5                                                0.000     0.000 r  clk (IN)
                         net (fo=0)                   0.000     0.000    clk
    W5                   IBUF (Prop_ibuf_I_O)         0.226     0.226 r  clk_IBUF_inst/O
                         net (fo=1, routed)           0.631     0.858    clk_IBUF
    BUFGCTRL_X0Y0        BUFG (Prop_bufg_I_O)         0.026     0.884 r  clk_IBUF_BUFG_inst/O
                         net (fo=112, routed)         0.562     1.445    my_fifo/CLK
    SLICE_X9Y15          FDRE                                         r  my_fifo/front_reg[1]/C
  -------------------------------------------------------------------    -------------------
    SLICE_X9Y15          FDRE (Prop_fdre_C_Q)         0.141     1.586 r  my_fifo/front_reg[1]/Q
                         net (fo=3, routed)           0.217     1.803    my_fifo/my_bram/U0/inst_blk_mem_gen/gnbram.gnativebmg.native_blk_mem_gen/valid.cstr/ramloop[0].ram.r/prim_noinit.ram/addrb[1]
    RAMB18_X0Y6          RAMB18E1                                     r  my_fifo/my_bram/U0/inst_blk_mem_gen/gnbram.gnativebmg.native_blk_mem_gen/valid.cstr/ramloop[0].ram.r/prim_noinit.ram/DEVICE_7SERIES.NO_BMM_INFO.SDP.WIDE_PRIM18.ram/ADDRARDADDR[6]
  -------------------------------------------------------------------    -------------------

                         (clock sys_clk rise edge)    0.000     0.000 r  
    W5                                                0.000     0.000 r  clk (IN)
                         net (fo=0)                   0.000     0.000    clk
    W5                   IBUF (Prop_ibuf_I_O)         0.414     0.414 r  clk_IBUF_inst/O
                         net (fo=1, routed)           0.685     1.099    clk_IBUF
    BUFGCTRL_X0Y0        BUFG (Prop_bufg_I_O)         0.029     1.128 r  clk_IBUF_BUFG_inst/O
                         net (fo=112, routed)         0.869     1.997    my_fifo/my_bram/U0/inst_blk_mem_gen/gnbram.gnativebmg.native_blk_mem_gen/valid.cstr/ramloop[0].ram.r/prim_noinit.ram/clkb
    RAMB18_X0Y6          RAMB18E1                                     r  my_fifo/my_bram/U0/inst_blk_mem_gen/gnbram.gnativebmg.native_blk_mem_gen/valid.cstr/ramloop[0].ram.r/prim_noinit.ram/DEVICE_7SERIES.NO_BMM_INFO.SDP.WIDE_PRIM18.ram/CLKARDCLK
                         clock pessimism             -0.498     1.499    
    RAMB18_X0Y6          RAMB18E1 (Hold_ramb18e1_CLKARDCLK_ADDRARDADDR[6])
                                                      0.183     1.682    my_fifo/my_bram/U0/inst_blk_mem_gen/gnbram.gnativebmg.native_blk_mem_gen/valid.cstr/ramloop[0].ram.r/prim_noinit.ram/DEVICE_7SERIES.NO_BMM_INFO.SDP.WIDE_PRIM18.ram
  -------------------------------------------------------------------
                         required time                         -1.682    
                         arrival time                           1.803    
  -------------------------------------------------------------------
                         slack                                  0.122    

Slack (MET) :             0.190ns  (arrival time - required time)
  Source:                 my_fifo/front_reg[0]/C
                            (rising edge-triggered cell FDRE clocked by sys_clk  {rise@0.000ns fall@5.000ns period=10.000ns})
  Destination:            my_fifo/my_bram/U0/inst_blk_mem_gen/gnbram.gnativebmg.native_blk_mem_gen/valid.cstr/ramloop[0].ram.r/prim_noinit.ram/DEVICE_7SERIES.NO_BMM_INFO.SDP.WIDE_PRIM18.ram/ADDRARDADDR[5]
                            (rising edge-triggered cell RAMB18E1 clocked by sys_clk  {rise@0.000ns fall@5.000ns period=10.000ns})
  Path Group:             sys_clk
  Path Type:              Hold (Min at Fast Process Corner)
  Requirement:            0.000ns  (sys_clk rise@0.000ns - sys_clk rise@0.000ns)
  Data Path Delay:        0.426ns  (logic 0.141ns (33.064%)  route 0.285ns (66.936%))
  Logic Levels:           0  
  Clock Path Skew:        0.053ns (DCD - SCD - CPR)
    Destination Clock Delay (DCD):    1.997ns
    Source Clock Delay      (SCD):    1.445ns
    Clock Pessimism Removal (CPR):    0.498ns

    Location             Delay type                Incr(ns)  Path(ns)    Netlist Resource(s)
  -------------------------------------------------------------------    -------------------
                         (clock sys_clk rise edge)    0.000     0.000 r  
    W5                                                0.000     0.000 r  clk (IN)
                         net (fo=0)                   0.000     0.000    clk
    W5                   IBUF (Prop_ibuf_I_O)         0.226     0.226 r  clk_IBUF_inst/O
                         net (fo=1, routed)           0.631     0.858    clk_IBUF
    BUFGCTRL_X0Y0        BUFG (Prop_bufg_I_O)         0.026     0.884 r  clk_IBUF_BUFG_inst/O
                         net (fo=112, routed)         0.562     1.445    my_fifo/CLK
    SLICE_X9Y15          FDRE                                         r  my_fifo/front_reg[0]/C
  -------------------------------------------------------------------    -------------------
    SLICE_X9Y15          FDRE (Prop_fdre_C_Q)         0.141     1.586 r  my_fifo/front_reg[0]/Q
                         net (fo=4, routed)           0.285     1.872    my_fifo/my_bram/U0/inst_blk_mem_gen/gnbram.gnativebmg.native_blk_mem_gen/valid.cstr/ramloop[0].ram.r/prim_noinit.ram/addrb[0]
    RAMB18_X0Y6          RAMB18E1                                     r  my_fifo/my_bram/U0/inst_blk_mem_gen/gnbram.gnativebmg.native_blk_mem_gen/valid.cstr/ramloop[0].ram.r/prim_noinit.ram/DEVICE_7SERIES.NO_BMM_INFO.SDP.WIDE_PRIM18.ram/ADDRARDADDR[5]
  -------------------------------------------------------------------    -------------------

                         (clock sys_clk rise edge)    0.000     0.000 r  
    W5                                                0.000     0.000 r  clk (IN)
                         net (fo=0)                   0.000     0.000    clk
    W5                   IBUF (Prop_ibuf_I_O)         0.414     0.414 r  clk_IBUF_inst/O
                         net (fo=1, routed)           0.685     1.099    clk_IBUF
    BUFGCTRL_X0Y0        BUFG (Prop_bufg_I_O)         0.029     1.128 r  clk_IBUF_BUFG_inst/O
                         net (fo=112, routed)         0.869     1.997    my_fifo/my_bram/U0/inst_blk_mem_gen/gnbram.gnativebmg.native_blk_mem_gen/valid.cstr/ramloop[0].ram.r/prim_noinit.ram/clkb
    RAMB18_X0Y6          RAMB18E1                                     r  my_fifo/my_bram/U0/inst_blk_mem_gen/gnbram.gnativebmg.native_blk_mem_gen/valid.cstr/ramloop[0].ram.r/prim_noinit.ram/DEVICE_7SERIES.NO_BMM_INFO.SDP.WIDE_PRIM18.ram/CLKARDCLK
                         clock pessimism             -0.498     1.499    
    RAMB18_X0Y6          RAMB18E1 (Hold_ramb18e1_CLKARDCLK_ADDRARDADDR[5])
                                                      0.183     1.682    my_fifo/my_bram/U0/inst_blk_mem_gen/gnbram.gnativebmg.native_blk_mem_gen/valid.cstr/ramloop[0].ram.r/prim_noinit.ram/DEVICE_7SERIES.NO_BMM_INFO.SDP.WIDE_PRIM18.ram
  -------------------------------------------------------------------
                         required time                         -1.682    
                         arrival time                           1.872    
  -------------------------------------------------------------------
                         slack                                  0.190    

Slack (MET) :             0.195ns  (arrival time - required time)
  Source:                 db_rst_inst/data_out_reg/C
                            (rising edge-triggered cell FDRE clocked by sys_clk  {rise@0.000ns fall@5.000ns period=10.000ns})
  Destination:            sp_push/q_reg/D
                            (rising edge-triggered cell FDRE clocked by sys_clk  {rise@0.000ns fall@5.000ns period=10.000ns})
  Path Group:             sys_clk
  Path Type:              Hold (Min at Fast Process Corner)
  Requirement:            0.000ns  (sys_clk rise@0.000ns - sys_clk rise@0.000ns)
  Data Path Delay:        0.261ns  (logic 0.141ns (54.076%)  route 0.120ns (45.924%))
  Logic Levels:           0  
  Clock Path Skew:        0.000ns (DCD - SCD - CPR)
    Destination Clock Delay (DCD):    1.985ns
    Source Clock Delay      (SCD):    1.472ns
    Clock Pessimism Removal (CPR):    0.513ns

    Location             Delay type                Incr(ns)  Path(ns)    Netlist Resource(s)
  -------------------------------------------------------------------    -------------------
                         (clock sys_clk rise edge)    0.000     0.000 r  
    W5                                                0.000     0.000 r  clk (IN)
                         net (fo=0)                   0.000     0.000    clk
    W5                   IBUF (Prop_ibuf_I_O)         0.226     0.226 r  clk_IBUF_inst/O
                         net (fo=1, routed)           0.631     0.858    clk_IBUF
    BUFGCTRL_X0Y0        BUFG (Prop_bufg_I_O)         0.026     0.884 r  clk_IBUF_BUFG_inst/O
                         net (fo=112, routed)         0.589     1.472    db_rst_inst/CLK
    SLICE_X4Y15          FDRE                                         r  db_rst_inst/data_out_reg/C
  -------------------------------------------------------------------    -------------------
    SLICE_X4Y15          FDRE (Prop_fdre_C_Q)         0.141     1.613 r  db_rst_inst/data_out_reg/Q
                         net (fo=3, routed)           0.120     1.733    sp_push/push_db
    SLICE_X4Y15          FDRE                                         r  sp_push/q_reg/D
  -------------------------------------------------------------------    -------------------

                         (clock sys_clk rise edge)    0.000     0.000 r  
    W5                                                0.000     0.000 r  clk (IN)
                         net (fo=0)                   0.000     0.000    clk
    W5                   IBUF (Prop_ibuf_I_O)         0.414     0.414 r  clk_IBUF_inst/O
                         net (fo=1, routed)           0.685     1.099    clk_IBUF
    BUFGCTRL_X0Y0        BUFG (Prop_bufg_I_O)         0.029     1.128 r  clk_IBUF_BUFG_inst/O
                         net (fo=112, routed)         0.858     1.985    sp_push/CLK
    SLICE_X4Y15          FDRE                                         r  sp_push/q_reg/C
                         clock pessimism             -0.513     1.472    
    SLICE_X4Y15          FDRE (Hold_fdre_C_D)         0.066     1.538    sp_push/q_reg
  -------------------------------------------------------------------
                         required time                         -1.538    
                         arrival time                           1.733    
  -------------------------------------------------------------------
                         slack                                  0.195    

Slack (MET) :             0.196ns  (arrival time - required time)
  Source:                 db_pop_inst/data_out_reg/C
                            (rising edge-triggered cell FDRE clocked by sys_clk  {rise@0.000ns fall@5.000ns period=10.000ns})
  Destination:            sp_pop/q_reg/D
                            (rising edge-triggered cell FDRE clocked by sys_clk  {rise@0.000ns fall@5.000ns period=10.000ns})
  Path Group:             sys_clk
  Path Type:              Hold (Min at Fast Process Corner)
  Requirement:            0.000ns  (sys_clk rise@0.000ns - sys_clk rise@0.000ns)
  Data Path Delay:        0.266ns  (logic 0.141ns (53.070%)  route 0.125ns (46.930%))
  Logic Levels:           0  
  Clock Path Skew:        0.000ns (DCD - SCD - CPR)
    Destination Clock Delay (DCD):    1.984ns
    Source Clock Delay      (SCD):    1.471ns
    Clock Pessimism Removal (CPR):    0.513ns

    Location             Delay type                Incr(ns)  Path(ns)    Netlist Resource(s)
  -------------------------------------------------------------------    -------------------
                         (clock sys_clk rise edge)    0.000     0.000 r  
    W5                                                0.000     0.000 r  clk (IN)
                         net (fo=0)                   0.000     0.000    clk
    W5                   IBUF (Prop_ibuf_I_O)         0.226     0.226 r  clk_IBUF_inst/O
                         net (fo=1, routed)           0.631     0.858    clk_IBUF
    BUFGCTRL_X0Y0        BUFG (Prop_bufg_I_O)         0.026     0.884 r  clk_IBUF_BUFG_inst/O
                         net (fo=112, routed)         0.588     1.471    db_pop_inst/CLK
    SLICE_X4Y16          FDRE                                         r  db_pop_inst/data_out_reg/C
  -------------------------------------------------------------------    -------------------
    SLICE_X4Y16          FDRE (Prop_fdre_C_Q)         0.141     1.612 r  db_pop_inst/data_out_reg/Q
                         net (fo=4, routed)           0.125     1.737    sp_pop/pop_db
    SLICE_X4Y16          FDRE                                         r  sp_pop/q_reg/D
  -------------------------------------------------------------------    -------------------

                         (clock sys_clk rise edge)    0.000     0.000 r  
    W5                                                0.000     0.000 r  clk (IN)
                         net (fo=0)                   0.000     0.000    clk
    W5                   IBUF (Prop_ibuf_I_O)         0.414     0.414 r  clk_IBUF_inst/O
                         net (fo=1, routed)           0.685     1.099    clk_IBUF
    BUFGCTRL_X0Y0        BUFG (Prop_bufg_I_O)         0.029     1.128 r  clk_IBUF_BUFG_inst/O
                         net (fo=112, routed)         0.857     1.984    sp_pop/CLK
    SLICE_X4Y16          FDRE                                         r  sp_pop/q_reg/C
                         clock pessimism             -0.513     1.471    
    SLICE_X4Y16          FDRE (Hold_fdre_C_D)         0.070     1.541    sp_pop/q_reg
  -------------------------------------------------------------------
                         required time                         -1.541    
                         arrival time                           1.737    
  -------------------------------------------------------------------
                         slack                                  0.196    

Slack (MET) :             0.201ns  (arrival time - required time)
  Source:                 sp_rst/q_reg/C
                            (rising edge-triggered cell FDRE clocked by sys_clk  {rise@0.000ns fall@5.000ns period=10.000ns})
  Destination:            sp_rst/out_reg/D
                            (rising edge-triggered cell FDRE clocked by sys_clk  {rise@0.000ns fall@5.000ns period=10.000ns})
  Path Group:             sys_clk
  Path Type:              Hold (Min at Fast Process Corner)
  Requirement:            0.000ns  (sys_clk rise@0.000ns - sys_clk rise@0.000ns)
  Data Path Delay:        0.321ns  (logic 0.246ns (76.675%)  route 0.075ns (23.325%))
  Logic Levels:           1  (LUT2=1)
  Clock Path Skew:        0.000ns (DCD - SCD - CPR)
    Destination Clock Delay (DCD):    1.984ns
    Source Clock Delay      (SCD):    1.471ns
    Clock Pessimism Removal (CPR):    0.513ns

    Location             Delay type                Incr(ns)  Path(ns)    Netlist Resource(s)
  -------------------------------------------------------------------    -------------------
                         (clock sys_clk rise edge)    0.000     0.000 r  
    W5                                                0.000     0.000 r  clk (IN)
                         net (fo=0)                   0.000     0.000    clk
    W5                   IBUF (Prop_ibuf_I_O)         0.226     0.226 r  clk_IBUF_inst/O
                         net (fo=1, routed)           0.631     0.858    clk_IBUF
    BUFGCTRL_X0Y0        BUFG (Prop_bufg_I_O)         0.026     0.884 r  clk_IBUF_BUFG_inst/O
                         net (fo=112, routed)         0.588     1.471    sp_rst/CLK
    SLICE_X6Y16          FDRE                                         r  sp_rst/q_reg/C
  -------------------------------------------------------------------    -------------------
    SLICE_X6Y16          FDRE (Prop_fdre_C_Q)         0.148     1.619 f  sp_rst/q_reg/Q
                         net (fo=2, routed)           0.075     1.694    sp_rst/q
    SLICE_X6Y16          LUT2 (Prop_lut2_I0_O)        0.098     1.792 r  sp_rst/out_i_1__1/O
                         net (fo=1, routed)           0.000     1.792    sp_rst/out_i_1__1_n_0
    SLICE_X6Y16          FDRE                                         r  sp_rst/out_reg/D
  -------------------------------------------------------------------    -------------------

                         (clock sys_clk rise edge)    0.000     0.000 r  
    W5                                                0.000     0.000 r  clk (IN)
                         net (fo=0)                   0.000     0.000    clk
    W5                   IBUF (Prop_ibuf_I_O)         0.414     0.414 r  clk_IBUF_inst/O
                         net (fo=1, routed)           0.685     1.099    clk_IBUF
    BUFGCTRL_X0Y0        BUFG (Prop_bufg_I_O)         0.029     1.128 r  clk_IBUF_BUFG_inst/O
                         net (fo=112, routed)         0.857     1.984    sp_rst/CLK
    SLICE_X6Y16          FDRE                                         r  sp_rst/out_reg/C
                         clock pessimism             -0.513     1.471    
    SLICE_X6Y16          FDRE (Hold_fdre_C_D)         0.120     1.591    sp_rst/out_reg
  -------------------------------------------------------------------
                         required time                         -1.591    
                         arrival time                           1.792    
  -------------------------------------------------------------------
                         slack                                  0.201    

Slack (MET) :             0.211ns  (arrival time - required time)
  Source:                 my_fifo/back_reg[2]/C
                            (rising edge-triggered cell FDRE clocked by sys_clk  {rise@0.000ns fall@5.000ns period=10.000ns})
  Destination:            my_fifo/my_bram/U0/inst_blk_mem_gen/gnbram.gnativebmg.native_blk_mem_gen/valid.cstr/ramloop[0].ram.r/prim_noinit.ram/DEVICE_7SERIES.NO_BMM_INFO.SDP.WIDE_PRIM18.ram/ADDRBWRADDR[7]
                            (rising edge-triggered cell RAMB18E1 clocked by sys_clk  {rise@0.000ns fall@5.000ns period=10.000ns})
  Path Group:             sys_clk
  Path Type:              Hold (Min at Fast Process Corner)
  Requirement:            0.000ns  (sys_clk rise@0.000ns - sys_clk rise@0.000ns)
  Data Path Delay:        0.389ns  (logic 0.128ns (32.947%)  route 0.261ns (67.053%))
  Logic Levels:           0  
  Clock Path Skew:        0.048ns (DCD - SCD - CPR)
    Destination Clock Delay (DCD):    1.999ns
    Source Clock Delay      (SCD):    1.472ns
    Clock Pessimism Removal (CPR):    0.478ns

    Location             Delay type                Incr(ns)  Path(ns)    Netlist Resource(s)
  -------------------------------------------------------------------    -------------------
                         (clock sys_clk rise edge)    0.000     0.000 r  
    W5                                                0.000     0.000 r  clk (IN)
                         net (fo=0)                   0.000     0.000    clk
    W5                   IBUF (Prop_ibuf_I_O)         0.226     0.226 r  clk_IBUF_inst/O
                         net (fo=1, routed)           0.631     0.858    clk_IBUF
    BUFGCTRL_X0Y0        BUFG (Prop_bufg_I_O)         0.026     0.884 r  clk_IBUF_BUFG_inst/O
                         net (fo=112, routed)         0.589     1.472    my_fifo/CLK
    SLICE_X7Y15          FDRE                                         r  my_fifo/back_reg[2]/C
  -------------------------------------------------------------------    -------------------
    SLICE_X7Y15          FDRE (Prop_fdre_C_Q)         0.128     1.600 r  my_fifo/back_reg[2]/Q
                         net (fo=2, routed)           0.261     1.861    my_fifo/my_bram/U0/inst_blk_mem_gen/gnbram.gnativebmg.native_blk_mem_gen/valid.cstr/ramloop[0].ram.r/prim_noinit.ram/addra[2]
    RAMB18_X0Y6          RAMB18E1                                     r  my_fifo/my_bram/U0/inst_blk_mem_gen/gnbram.gnativebmg.native_blk_mem_gen/valid.cstr/ramloop[0].ram.r/prim_noinit.ram/DEVICE_7SERIES.NO_BMM_INFO.SDP.WIDE_PRIM18.ram/ADDRBWRADDR[7]
  -------------------------------------------------------------------    -------------------

                         (clock sys_clk rise edge)    0.000     0.000 r  
    W5                                                0.000     0.000 r  clk (IN)
                         net (fo=0)                   0.000     0.000    clk
    W5                   IBUF (Prop_ibuf_I_O)         0.414     0.414 r  clk_IBUF_inst/O
                         net (fo=1, routed)           0.685     1.099    clk_IBUF
    BUFGCTRL_X0Y0        BUFG (Prop_bufg_I_O)         0.029     1.128 r  clk_IBUF_BUFG_inst/O
                         net (fo=112, routed)         0.871     1.999    my_fifo/my_bram/U0/inst_blk_mem_gen/gnbram.gnativebmg.native_blk_mem_gen/valid.cstr/ramloop[0].ram.r/prim_noinit.ram/clka
    RAMB18_X0Y6          RAMB18E1                                     r  my_fifo/my_bram/U0/inst_blk_mem_gen/gnbram.gnativebmg.native_blk_mem_gen/valid.cstr/ramloop[0].ram.r/prim_noinit.ram/DEVICE_7SERIES.NO_BMM_INFO.SDP.WIDE_PRIM18.ram/CLKBWRCLK
                         clock pessimism             -0.478     1.521    
    RAMB18_X0Y6          RAMB18E1 (Hold_ramb18e1_CLKBWRCLK_ADDRBWRADDR[7])
                                                      0.129     1.650    my_fifo/my_bram/U0/inst_blk_mem_gen/gnbram.gnativebmg.native_blk_mem_gen/valid.cstr/ramloop[0].ram.r/prim_noinit.ram/DEVICE_7SERIES.NO_BMM_INFO.SDP.WIDE_PRIM18.ram
  -------------------------------------------------------------------
                         required time                         -1.650    
                         arrival time                           1.861    
  -------------------------------------------------------------------
                         slack                                  0.211    

Slack (MET) :             0.226ns  (arrival time - required time)
  Source:                 my_fifo/back_reg[0]/C
                            (rising edge-triggered cell FDRE clocked by sys_clk  {rise@0.000ns fall@5.000ns period=10.000ns})
  Destination:            my_fifo/back_reg[2]/D
                            (rising edge-triggered cell FDRE clocked by sys_clk  {rise@0.000ns fall@5.000ns period=10.000ns})
  Path Group:             sys_clk
  Path Type:              Hold (Min at Fast Process Corner)
  Requirement:            0.000ns  (sys_clk rise@0.000ns - sys_clk rise@0.000ns)
  Data Path Delay:        0.348ns  (logic 0.189ns (54.246%)  route 0.159ns (45.754%))
  Logic Levels:           1  (LUT4=1)
  Clock Path Skew:        0.015ns (DCD - SCD - CPR)
    Destination Clock Delay (DCD):    1.985ns
    Source Clock Delay      (SCD):    1.471ns
    Clock Pessimism Removal (CPR):    0.499ns

    Location             Delay type                Incr(ns)  Path(ns)    Netlist Resource(s)
  -------------------------------------------------------------------    -------------------
                         (clock sys_clk rise edge)    0.000     0.000 r  
    W5                                                0.000     0.000 r  clk (IN)
                         net (fo=0)                   0.000     0.000    clk
    W5                   IBUF (Prop_ibuf_I_O)         0.226     0.226 r  clk_IBUF_inst/O
                         net (fo=1, routed)           0.631     0.858    clk_IBUF
    BUFGCTRL_X0Y0        BUFG (Prop_bufg_I_O)         0.026     0.884 r  clk_IBUF_BUFG_inst/O
                         net (fo=112, routed)         0.588     1.471    my_fifo/CLK
    SLICE_X7Y16          FDRE                                         r  my_fifo/back_reg[0]/C
  -------------------------------------------------------------------    -------------------
    SLICE_X7Y16          FDRE (Prop_fdre_C_Q)         0.141     1.612 r  my_fifo/back_reg[0]/Q
                         net (fo=4, routed)           0.159     1.772    my_fifo/back[0]
    SLICE_X7Y15          LUT4 (Prop_lut4_I0_O)        0.048     1.820 r  my_fifo/back[2]_i_1/O
                         net (fo=1, routed)           0.000     1.820    my_fifo/back[2]_i_1_n_0
    SLICE_X7Y15          FDRE                                         r  my_fifo/back_reg[2]/D
  -------------------------------------------------------------------    -------------------

                         (clock sys_clk rise edge)    0.000     0.000 r  
    W5                                                0.000     0.000 r  clk (IN)
                         net (fo=0)                   0.000     0.000    clk
    W5                   IBUF (Prop_ibuf_I_O)         0.414     0.414 r  clk_IBUF_inst/O
                         net (fo=1, routed)           0.685     1.099    clk_IBUF
    BUFGCTRL_X0Y0        BUFG (Prop_bufg_I_O)         0.029     1.128 r  clk_IBUF_BUFG_inst/O
                         net (fo=112, routed)         0.858     1.985    my_fifo/CLK
    SLICE_X7Y15          FDRE                                         r  my_fifo/back_reg[2]/C
                         clock pessimism             -0.499     1.486    
    SLICE_X7Y15          FDRE (Hold_fdre_C_D)         0.107     1.593    my_fifo/back_reg[2]
  -------------------------------------------------------------------
                         required time                         -1.593    
                         arrival time                           1.820    
  -------------------------------------------------------------------
                         slack                                  0.226    

Slack (MET) :             0.229ns  (arrival time - required time)
  Source:                 my_fifo/back_reg[0]/C
                            (rising edge-triggered cell FDRE clocked by sys_clk  {rise@0.000ns fall@5.000ns period=10.000ns})
  Destination:            my_fifo/my_bram/U0/inst_blk_mem_gen/gnbram.gnativebmg.native_blk_mem_gen/valid.cstr/ramloop[0].ram.r/prim_noinit.ram/DEVICE_7SERIES.NO_BMM_INFO.SDP.WIDE_PRIM18.ram/ADDRBWRADDR[5]
                            (rising edge-triggered cell RAMB18E1 clocked by sys_clk  {rise@0.000ns fall@5.000ns period=10.000ns})
  Path Group:             sys_clk
  Path Type:              Hold (Min at Fast Process Corner)
  Requirement:            0.000ns  (sys_clk rise@0.000ns - sys_clk rise@0.000ns)
  Data Path Delay:        0.462ns  (logic 0.141ns (30.531%)  route 0.321ns (69.469%))
  Logic Levels:           0  
  Clock Path Skew:        0.049ns (DCD - SCD - CPR)
    Destination Clock Delay (DCD):    1.999ns
    Source Clock Delay      (SCD):    1.471ns
    Clock Pessimism Removal (CPR):    0.478ns

    Location             Delay type                Incr(ns)  Path(ns)    Netlist Resource(s)
  -------------------------------------------------------------------    -------------------
                         (clock sys_clk rise edge)    0.000     0.000 r  
    W5                                                0.000     0.000 r  clk (IN)
                         net (fo=0)                   0.000     0.000    clk
    W5                   IBUF (Prop_ibuf_I_O)         0.226     0.226 r  clk_IBUF_inst/O
                         net (fo=1, routed)           0.631     0.858    clk_IBUF
    BUFGCTRL_X0Y0        BUFG (Prop_bufg_I_O)         0.026     0.884 r  clk_IBUF_BUFG_inst/O
                         net (fo=112, routed)         0.588     1.471    my_fifo/CLK
    SLICE_X7Y16          FDRE                                         r  my_fifo/back_reg[0]/C
  -------------------------------------------------------------------    -------------------
    SLICE_X7Y16          FDRE (Prop_fdre_C_Q)         0.141     1.612 r  my_fifo/back_reg[0]/Q
                         net (fo=4, routed)           0.321     1.933    my_fifo/my_bram/U0/inst_blk_mem_gen/gnbram.gnativebmg.native_blk_mem_gen/valid.cstr/ramloop[0].ram.r/prim_noinit.ram/addra[0]
    RAMB18_X0Y6          RAMB18E1                                     r  my_fifo/my_bram/U0/inst_blk_mem_gen/gnbram.gnativebmg.native_blk_mem_gen/valid.cstr/ramloop[0].ram.r/prim_noinit.ram/DEVICE_7SERIES.NO_BMM_INFO.SDP.WIDE_PRIM18.ram/ADDRBWRADDR[5]
  -------------------------------------------------------------------    -------------------

                         (clock sys_clk rise edge)    0.000     0.000 r  
    W5                                                0.000     0.000 r  clk (IN)
                         net (fo=0)                   0.000     0.000    clk
    W5                   IBUF (Prop_ibuf_I_O)         0.414     0.414 r  clk_IBUF_inst/O
                         net (fo=1, routed)           0.685     1.099    clk_IBUF
    BUFGCTRL_X0Y0        BUFG (Prop_bufg_I_O)         0.029     1.128 r  clk_IBUF_BUFG_inst/O
                         net (fo=112, routed)         0.871     1.999    my_fifo/my_bram/U0/inst_blk_mem_gen/gnbram.gnativebmg.native_blk_mem_gen/valid.cstr/ramloop[0].ram.r/prim_noinit.ram/clka
    RAMB18_X0Y6          RAMB18E1                                     r  my_fifo/my_bram/U0/inst_blk_mem_gen/gnbram.gnativebmg.native_blk_mem_gen/valid.cstr/ramloop[0].ram.r/prim_noinit.ram/DEVICE_7SERIES.NO_BMM_INFO.SDP.WIDE_PRIM18.ram/CLKBWRCLK
                         clock pessimism             -0.478     1.521    
    RAMB18_X0Y6          RAMB18E1 (Hold_ramb18e1_CLKBWRCLK_ADDRBWRADDR[5])
                                                      0.183     1.704    my_fifo/my_bram/U0/inst_blk_mem_gen/gnbram.gnativebmg.native_blk_mem_gen/valid.cstr/ramloop[0].ram.r/prim_noinit.ram/DEVICE_7SERIES.NO_BMM_INFO.SDP.WIDE_PRIM18.ram
  -------------------------------------------------------------------
                         required time                         -1.704    
                         arrival time                           1.933    
  -------------------------------------------------------------------
                         slack                                  0.229    

Slack (MET) :             0.239ns  (arrival time - required time)
  Source:                 my_fifo/back_reg[0]/C
                            (rising edge-triggered cell FDRE clocked by sys_clk  {rise@0.000ns fall@5.000ns period=10.000ns})
  Destination:            my_fifo/back_reg[1]/D
                            (rising edge-triggered cell FDRE clocked by sys_clk  {rise@0.000ns fall@5.000ns period=10.000ns})
  Path Group:             sys_clk
  Path Type:              Hold (Min at Fast Process Corner)
  Requirement:            0.000ns  (sys_clk rise@0.000ns - sys_clk rise@0.000ns)
  Data Path Delay:        0.345ns  (logic 0.186ns (53.849%)  route 0.159ns (46.151%))
  Logic Levels:           1  (LUT3=1)
  Clock Path Skew:        0.015ns (DCD - SCD - CPR)
    Destination Clock Delay (DCD):    1.985ns
    Source Clock Delay      (SCD):    1.471ns
    Clock Pessimism Removal (CPR):    0.499ns

    Location             Delay type                Incr(ns)  Path(ns)    Netlist Resource(s)
  -------------------------------------------------------------------    -------------------
                         (clock sys_clk rise edge)    0.000     0.000 r  
    W5                                                0.000     0.000 r  clk (IN)
                         net (fo=0)                   0.000     0.000    clk
    W5                   IBUF (Prop_ibuf_I_O)         0.226     0.226 r  clk_IBUF_inst/O
                         net (fo=1, routed)           0.631     0.858    clk_IBUF
    BUFGCTRL_X0Y0        BUFG (Prop_bufg_I_O)         0.026     0.884 r  clk_IBUF_BUFG_inst/O
                         net (fo=112, routed)         0.588     1.471    my_fifo/CLK
    SLICE_X7Y16          FDRE                                         r  my_fifo/back_reg[0]/C
  -------------------------------------------------------------------    -------------------
    SLICE_X7Y16          FDRE (Prop_fdre_C_Q)         0.141     1.612 r  my_fifo/back_reg[0]/Q
                         net (fo=4, routed)           0.159     1.772    my_fifo/back[0]
    SLICE_X7Y15          LUT3 (Prop_lut3_I0_O)        0.045     1.817 r  my_fifo/back[1]_i_1/O
                         net (fo=1, routed)           0.000     1.817    my_fifo/back[1]_i_1_n_0
    SLICE_X7Y15          FDRE                                         r  my_fifo/back_reg[1]/D
  -------------------------------------------------------------------    -------------------

                         (clock sys_clk rise edge)    0.000     0.000 r  
    W5                                                0.000     0.000 r  clk (IN)
                         net (fo=0)                   0.000     0.000    clk
    W5                   IBUF (Prop_ibuf_I_O)         0.414     0.414 r  clk_IBUF_inst/O
                         net (fo=1, routed)           0.685     1.099    clk_IBUF
    BUFGCTRL_X0Y0        BUFG (Prop_bufg_I_O)         0.029     1.128 r  clk_IBUF_BUFG_inst/O
                         net (fo=112, routed)         0.858     1.985    my_fifo/CLK
    SLICE_X7Y15          FDRE                                         r  my_fifo/back_reg[1]/C
                         clock pessimism             -0.499     1.486    
    SLICE_X7Y15          FDRE (Hold_fdre_C_D)         0.091     1.577    my_fifo/back_reg[1]
  -------------------------------------------------------------------
                         required time                         -1.577    
                         arrival time                           1.817    
  -------------------------------------------------------------------
                         slack                                  0.239    





Pulse Width Checks
--------------------------------------------------------------------------------------
Clock Name:         sys_clk
Waveform(ns):       { 0.000 5.000 }
Period(ns):         10.000
Sources:            { clk }

Check Type        Corner  Lib Pin             Reference Pin  Required(ns)  Actual(ns)  Slack(ns)  Location       Pin
Min Period        n/a     RAMB18E1/CLKARDCLK  n/a            2.576         10.000      7.424      RAMB18_X0Y6    my_fifo/my_bram/U0/inst_blk_mem_gen/gnbram.gnativebmg.native_blk_mem_gen/valid.cstr/ramloop[0].ram.r/prim_noinit.ram/DEVICE_7SERIES.NO_BMM_INFO.SDP.WIDE_PRIM18.ram/CLKARDCLK
Min Period        n/a     RAMB18E1/CLKBWRCLK  n/a            2.576         10.000      7.424      RAMB18_X0Y6    my_fifo/my_bram/U0/inst_blk_mem_gen/gnbram.gnativebmg.native_blk_mem_gen/valid.cstr/ramloop[0].ram.r/prim_noinit.ram/DEVICE_7SERIES.NO_BMM_INFO.SDP.WIDE_PRIM18.ram/CLKBWRCLK
Min Period        n/a     BUFG/I              n/a            2.155         10.000      7.845      BUFGCTRL_X0Y0  clk_IBUF_BUFG_inst/I
Min Period        n/a     FDRE/C              n/a            1.000         10.000      9.000      SLICE_X8Y15    popped_data_reg[0]/C
Min Period        n/a     FDRE/C              n/a            1.000         10.000      9.000      SLICE_X9Y15    popped_data_reg[1]/C
Min Period        n/a     FDRE/C              n/a            1.000         10.000      9.000      SLICE_X8Y15    popped_data_reg[2]/C
Min Period        n/a     FDRE/C              n/a            1.000         10.000      9.000      SLICE_X8Y15    popped_data_reg[3]/C
Min Period        n/a     FDRE/C              n/a            1.000         10.000      9.000      SLICE_X8Y15    popped_data_reg[4]/C
Min Period        n/a     FDRE/C              n/a            1.000         10.000      9.000      SLICE_X8Y15    popped_data_reg[5]/C
Min Period        n/a     FDRE/C              n/a            1.000         10.000      9.000      SLICE_X8Y15    popped_data_reg[6]/C
Low Pulse Width   Slow    FDRE/C              n/a            0.500         5.000       4.500      SLICE_X8Y15    popped_data_reg[0]/C
Low Pulse Width   Fast    FDRE/C              n/a            0.500         5.000       4.500      SLICE_X8Y15    popped_data_reg[0]/C
Low Pulse Width   Slow    FDRE/C              n/a            0.500         5.000       4.500      SLICE_X9Y15    popped_data_reg[1]/C
Low Pulse Width   Fast    FDRE/C              n/a            0.500         5.000       4.500      SLICE_X9Y15    popped_data_reg[1]/C
Low Pulse Width   Slow    FDRE/C              n/a            0.500         5.000       4.500      SLICE_X8Y15    popped_data_reg[2]/C
Low Pulse Width   Fast    FDRE/C              n/a            0.500         5.000       4.500      SLICE_X8Y15    popped_data_reg[2]/C
Low Pulse Width   Slow    FDRE/C              n/a            0.500         5.000       4.500      SLICE_X8Y15    popped_data_reg[3]/C
Low Pulse Width   Fast    FDRE/C              n/a            0.500         5.000       4.500      SLICE_X8Y15    popped_data_reg[3]/C
Low Pulse Width   Slow    FDRE/C              n/a            0.500         5.000       4.500      SLICE_X8Y15    popped_data_reg[4]/C
Low Pulse Width   Fast    FDRE/C              n/a            0.500         5.000       4.500      SLICE_X8Y15    popped_data_reg[4]/C
High Pulse Width  Slow    FDRE/C              n/a            0.500         5.000       4.500      SLICE_X8Y15    popped_data_reg[0]/C
High Pulse Width  Fast    FDRE/C              n/a            0.500         5.000       4.500      SLICE_X8Y15    popped_data_reg[0]/C
High Pulse Width  Slow    FDRE/C              n/a            0.500         5.000       4.500      SLICE_X9Y15    popped_data_reg[1]/C
High Pulse Width  Fast    FDRE/C              n/a            0.500         5.000       4.500      SLICE_X9Y15    popped_data_reg[1]/C
High Pulse Width  Slow    FDRE/C              n/a            0.500         5.000       4.500      SLICE_X8Y15    popped_data_reg[2]/C
High Pulse Width  Fast    FDRE/C              n/a            0.500         5.000       4.500      SLICE_X8Y15    popped_data_reg[2]/C
High Pulse Width  Slow    FDRE/C              n/a            0.500         5.000       4.500      SLICE_X8Y15    popped_data_reg[3]/C
High Pulse Width  Fast    FDRE/C              n/a            0.500         5.000       4.500      SLICE_X8Y15    popped_data_reg[3]/C
High Pulse Width  Slow    FDRE/C              n/a            0.500         5.000       4.500      SLICE_X8Y15    popped_data_reg[4]/C
High Pulse Width  Fast    FDRE/C              n/a            0.500         5.000       4.500      SLICE_X8Y15    popped_data_reg[4]/C



--------------------------------------------------------------------------------------
Path Group:  (none)
From Clock:  sys_clk
  To Clock:  

Max Delay            13 Endpoints
Min Delay            13 Endpoints
--------------------------------------------------------------------------------------


Max Delay Paths
--------------------------------------------------------------------------------------
Slack:                    inf
  Source:                 my_fifo/mSize_reg[3]/C
                            (rising edge-triggered cell FDRE clocked by sys_clk  {rise@0.000ns fall@5.000ns period=10.000ns})
  Destination:            seg[0]
                            (output port)
  Path Group:             (none)
  Path Type:              Max at Slow Process Corner
  Data Path Delay:        10.705ns  (logic 4.583ns (42.810%)  route 6.122ns (57.190%))
  Logic Levels:           3  (LUT4=1 LUT6=1 OBUF=1)
  Clock Uncertainty:      0.025ns  ((TSJ^2 + TIJ^2)^1/2 + DJ) / 2 + PE
    Total System Jitter     (TSJ):    0.050ns
    Total Input Jitter      (TIJ):    0.000ns
    Discrete Jitter          (DJ):    0.000ns
    Phase Error              (PE):    0.000ns

    Location             Delay type                Incr(ns)  Path(ns)    Netlist Resource(s)
  -------------------------------------------------------------------    -------------------
                         (clock sys_clk rise edge)    0.000     0.000 r  
    W5                                                0.000     0.000 r  clk (IN)
                         net (fo=0)                   0.000     0.000    clk
    W5                   IBUF (Prop_ibuf_I_O)         1.458     1.458 r  clk_IBUF_inst/O
                         net (fo=1, routed)           1.967     3.425    clk_IBUF
    BUFGCTRL_X0Y0        BUFG (Prop_bufg_I_O)         0.096     3.521 r  clk_IBUF_BUFG_inst/O
                         net (fo=112, routed)         1.627     5.148    my_fifo/CLK
    SLICE_X4Y16          FDRE                                         r  my_fifo/mSize_reg[3]/C
  -------------------------------------------------------------------    -------------------
    SLICE_X4Y16          FDRE (Prop_fdre_C_Q)         0.419     5.567 r  my_fifo/mSize_reg[3]/Q
                         net (fo=11, routed)          1.432     7.000    display_driver/mSize[3]
    SLICE_X8Y16          LUT6 (Prop_lut6_I4_O)        0.296     7.296 r  display_driver/seg_OBUF[6]_inst_i_5/O
                         net (fo=7, routed)           1.158     8.454    display_driver/seg_OBUF[6]_inst_i_5_n_0
    SLICE_X9Y17          LUT4 (Prop_lut4_I0_O)        0.154     8.608 r  display_driver/seg_OBUF[0]_inst_i_1/O
                         net (fo=1, routed)           3.532    12.139    seg_OBUF[0]
    W7                   OBUF (Prop_obuf_I_O)         3.714    15.853 r  seg_OBUF[0]_inst/O
                         net (fo=0)                   0.000    15.853    seg[0]
    W7                                                                r  seg[0] (OUT)
  -------------------------------------------------------------------    -------------------

Slack:                    inf
  Source:                 my_fifo/mSize_reg[3]/C
                            (rising edge-triggered cell FDRE clocked by sys_clk  {rise@0.000ns fall@5.000ns period=10.000ns})
  Destination:            seg[6]
                            (output port)
  Path Group:             (none)
  Path Type:              Max at Slow Process Corner
  Data Path Delay:        10.559ns  (logic 4.604ns (43.606%)  route 5.955ns (56.394%))
  Logic Levels:           3  (LUT4=1 LUT6=1 OBUF=1)
  Clock Uncertainty:      0.025ns  ((TSJ^2 + TIJ^2)^1/2 + DJ) / 2 + PE
    Total System Jitter     (TSJ):    0.050ns
    Total Input Jitter      (TIJ):    0.000ns
    Discrete Jitter          (DJ):    0.000ns
    Phase Error              (PE):    0.000ns

    Location             Delay type                Incr(ns)  Path(ns)    Netlist Resource(s)
  -------------------------------------------------------------------    -------------------
                         (clock sys_clk rise edge)    0.000     0.000 r  
    W5                                                0.000     0.000 r  clk (IN)
                         net (fo=0)                   0.000     0.000    clk
    W5                   IBUF (Prop_ibuf_I_O)         1.458     1.458 r  clk_IBUF_inst/O
                         net (fo=1, routed)           1.967     3.425    clk_IBUF
    BUFGCTRL_X0Y0        BUFG (Prop_bufg_I_O)         0.096     3.521 r  clk_IBUF_BUFG_inst/O
                         net (fo=112, routed)         1.627     5.148    my_fifo/CLK
    SLICE_X4Y16          FDRE                                         r  my_fifo/mSize_reg[3]/C
  -------------------------------------------------------------------    -------------------
    SLICE_X4Y16          FDRE (Prop_fdre_C_Q)         0.419     5.567 r  my_fifo/mSize_reg[3]/Q
                         net (fo=11, routed)          1.432     7.000    display_driver/mSize[3]
    SLICE_X8Y16          LUT6 (Prop_lut6_I4_O)        0.296     7.296 r  display_driver/seg_OBUF[6]_inst_i_5/O
                         net (fo=7, routed)           1.160     8.456    display_driver/seg_OBUF[6]_inst_i_5_n_0
    SLICE_X9Y17          LUT4 (Prop_lut4_I3_O)        0.150     8.606 r  display_driver/seg_OBUF[6]_inst_i_1/O
                         net (fo=1, routed)           3.362    11.968    seg_OBUF[6]
    U7                   OBUF (Prop_obuf_I_O)         3.739    15.708 r  seg_OBUF[6]_inst/O
                         net (fo=0)                   0.000    15.708    seg[6]
    U7                                                                r  seg[6] (OUT)
  -------------------------------------------------------------------    -------------------

Slack:                    inf
  Source:                 my_fifo/mSize_reg[3]/C
                            (rising edge-triggered cell FDRE clocked by sys_clk  {rise@0.000ns fall@5.000ns period=10.000ns})
  Destination:            seg[1]
                            (output port)
  Path Group:             (none)
  Path Type:              Max at Slow Process Corner
  Data Path Delay:        10.484ns  (logic 4.368ns (41.665%)  route 6.116ns (58.335%))
  Logic Levels:           3  (LUT4=1 LUT6=1 OBUF=1)
  Clock Uncertainty:      0.025ns  ((TSJ^2 + TIJ^2)^1/2 + DJ) / 2 + PE
    Total System Jitter     (TSJ):    0.050ns
    Total Input Jitter      (TIJ):    0.000ns
    Discrete Jitter          (DJ):    0.000ns
    Phase Error              (PE):    0.000ns

    Location             Delay type                Incr(ns)  Path(ns)    Netlist Resource(s)
  -------------------------------------------------------------------    -------------------
                         (clock sys_clk rise edge)    0.000     0.000 r  
    W5                                                0.000     0.000 r  clk (IN)
                         net (fo=0)                   0.000     0.000    clk
    W5                   IBUF (Prop_ibuf_I_O)         1.458     1.458 r  clk_IBUF_inst/O
                         net (fo=1, routed)           1.967     3.425    clk_IBUF
    BUFGCTRL_X0Y0        BUFG (Prop_bufg_I_O)         0.096     3.521 r  clk_IBUF_BUFG_inst/O
                         net (fo=112, routed)         1.627     5.148    my_fifo/CLK
    SLICE_X4Y16          FDRE                                         r  my_fifo/mSize_reg[3]/C
  -------------------------------------------------------------------    -------------------
    SLICE_X4Y16          FDRE (Prop_fdre_C_Q)         0.419     5.567 r  my_fifo/mSize_reg[3]/Q
                         net (fo=11, routed)          1.432     7.000    display_driver/mSize[3]
    SLICE_X8Y16          LUT6 (Prop_lut6_I4_O)        0.296     7.296 r  display_driver/seg_OBUF[6]_inst_i_5/O
                         net (fo=7, routed)           1.158     8.454    display_driver/seg_OBUF[6]_inst_i_5_n_0
    SLICE_X9Y17          LUT4 (Prop_lut4_I0_O)        0.124     8.578 r  display_driver/seg_OBUF[1]_inst_i_1/O
                         net (fo=1, routed)           3.525    12.103    seg_OBUF[1]
    W6                   OBUF (Prop_obuf_I_O)         3.529    15.632 r  seg_OBUF[1]_inst/O
                         net (fo=0)                   0.000    15.632    seg[1]
    W6                                                                r  seg[1] (OUT)
  -------------------------------------------------------------------    -------------------

Slack:                    inf
  Source:                 my_fifo/mSize_reg[3]/C
                            (rising edge-triggered cell FDRE clocked by sys_clk  {rise@0.000ns fall@5.000ns period=10.000ns})
  Destination:            seg[2]
                            (output port)
  Path Group:             (none)
  Path Type:              Max at Slow Process Corner
  Data Path Delay:        10.226ns  (logic 4.602ns (45.006%)  route 5.623ns (54.994%))
  Logic Levels:           3  (LUT5=1 LUT6=1 OBUF=1)
  Clock Uncertainty:      0.025ns  ((TSJ^2 + TIJ^2)^1/2 + DJ) / 2 + PE
    Total System Jitter     (TSJ):    0.050ns
    Total Input Jitter      (TIJ):    0.000ns
    Discrete Jitter          (DJ):    0.000ns
    Phase Error              (PE):    0.000ns

    Location             Delay type                Incr(ns)  Path(ns)    Netlist Resource(s)
  -------------------------------------------------------------------    -------------------
                         (clock sys_clk rise edge)    0.000     0.000 r  
    W5                                                0.000     0.000 r  clk (IN)
                         net (fo=0)                   0.000     0.000    clk
    W5                   IBUF (Prop_ibuf_I_O)         1.458     1.458 r  clk_IBUF_inst/O
                         net (fo=1, routed)           1.967     3.425    clk_IBUF
    BUFGCTRL_X0Y0        BUFG (Prop_bufg_I_O)         0.096     3.521 r  clk_IBUF_BUFG_inst/O
                         net (fo=112, routed)         1.627     5.148    my_fifo/CLK
    SLICE_X4Y16          FDRE                                         r  my_fifo/mSize_reg[3]/C
  -------------------------------------------------------------------    -------------------
    SLICE_X4Y16          FDRE (Prop_fdre_C_Q)         0.419     5.567 r  my_fifo/mSize_reg[3]/Q
                         net (fo=11, routed)          1.432     7.000    display_driver/mSize[3]
    SLICE_X8Y16          LUT6 (Prop_lut6_I4_O)        0.296     7.296 r  display_driver/seg_OBUF[6]_inst_i_5/O
                         net (fo=7, routed)           0.822     8.118    display_driver/seg_OBUF[6]_inst_i_5_n_0
    SLICE_X8Y17          LUT5 (Prop_lut5_I1_O)        0.148     8.266 r  display_driver/seg_OBUF[2]_inst_i_1/O
                         net (fo=1, routed)           3.369    11.635    seg_OBUF[2]
    U8                   OBUF (Prop_obuf_I_O)         3.739    15.374 r  seg_OBUF[2]_inst/O
                         net (fo=0)                   0.000    15.374    seg[2]
    U8                                                                r  seg[2] (OUT)
  -------------------------------------------------------------------    -------------------

Slack:                    inf
  Source:                 my_fifo/mSize_reg[3]/C
                            (rising edge-triggered cell FDRE clocked by sys_clk  {rise@0.000ns fall@5.000ns period=10.000ns})
  Destination:            seg[3]
                            (output port)
  Path Group:             (none)
  Path Type:              Max at Slow Process Corner
  Data Path Delay:        10.054ns  (logic 4.375ns (43.509%)  route 5.680ns (56.491%))
  Logic Levels:           3  (LUT4=1 LUT6=1 OBUF=1)
  Clock Uncertainty:      0.025ns  ((TSJ^2 + TIJ^2)^1/2 + DJ) / 2 + PE
    Total System Jitter     (TSJ):    0.050ns
    Total Input Jitter      (TIJ):    0.000ns
    Discrete Jitter          (DJ):    0.000ns
    Phase Error              (PE):    0.000ns

    Location             Delay type                Incr(ns)  Path(ns)    Netlist Resource(s)
  -------------------------------------------------------------------    -------------------
                         (clock sys_clk rise edge)    0.000     0.000 r  
    W5                                                0.000     0.000 r  clk (IN)
                         net (fo=0)                   0.000     0.000    clk
    W5                   IBUF (Prop_ibuf_I_O)         1.458     1.458 r  clk_IBUF_inst/O
                         net (fo=1, routed)           1.967     3.425    clk_IBUF
    BUFGCTRL_X0Y0        BUFG (Prop_bufg_I_O)         0.096     3.521 r  clk_IBUF_BUFG_inst/O
                         net (fo=112, routed)         1.627     5.148    my_fifo/CLK
    SLICE_X4Y16          FDRE                                         r  my_fifo/mSize_reg[3]/C
  -------------------------------------------------------------------    -------------------
    SLICE_X4Y16          FDRE (Prop_fdre_C_Q)         0.419     5.567 r  my_fifo/mSize_reg[3]/Q
                         net (fo=11, routed)          1.432     7.000    display_driver/mSize[3]
    SLICE_X8Y16          LUT6 (Prop_lut6_I4_O)        0.296     7.296 r  display_driver/seg_OBUF[6]_inst_i_5/O
                         net (fo=7, routed)           1.160     8.456    display_driver/seg_OBUF[6]_inst_i_5_n_0
    SLICE_X9Y17          LUT4 (Prop_lut4_I0_O)        0.124     8.580 r  display_driver/seg_OBUF[3]_inst_i_1/O
                         net (fo=1, routed)           3.087    11.667    seg_OBUF[3]
    V8                   OBUF (Prop_obuf_I_O)         3.536    15.203 r  seg_OBUF[3]_inst/O
                         net (fo=0)                   0.000    15.203    seg[3]
    V8                                                                r  seg[3] (OUT)
  -------------------------------------------------------------------    -------------------

Slack:                    inf
  Source:                 my_fifo/mSize_reg[3]/C
                            (rising edge-triggered cell FDRE clocked by sys_clk  {rise@0.000ns fall@5.000ns period=10.000ns})
  Destination:            seg[5]
                            (output port)
  Path Group:             (none)
  Path Type:              Max at Slow Process Corner
  Data Path Delay:        10.047ns  (logic 4.343ns (43.230%)  route 5.704ns (56.770%))
  Logic Levels:           3  (LUT5=1 LUT6=1 OBUF=1)
  Clock Uncertainty:      0.025ns  ((TSJ^2 + TIJ^2)^1/2 + DJ) / 2 + PE
    Total System Jitter     (TSJ):    0.050ns
    Total Input Jitter      (TIJ):    0.000ns
    Discrete Jitter          (DJ):    0.000ns
    Phase Error              (PE):    0.000ns

    Location             Delay type                Incr(ns)  Path(ns)    Netlist Resource(s)
  -------------------------------------------------------------------    -------------------
                         (clock sys_clk rise edge)    0.000     0.000 r  
    W5                                                0.000     0.000 r  clk (IN)
                         net (fo=0)                   0.000     0.000    clk
    W5                   IBUF (Prop_ibuf_I_O)         1.458     1.458 r  clk_IBUF_inst/O
                         net (fo=1, routed)           1.967     3.425    clk_IBUF
    BUFGCTRL_X0Y0        BUFG (Prop_bufg_I_O)         0.096     3.521 r  clk_IBUF_BUFG_inst/O
                         net (fo=112, routed)         1.627     5.148    my_fifo/CLK
    SLICE_X4Y16          FDRE                                         r  my_fifo/mSize_reg[3]/C
  -------------------------------------------------------------------    -------------------
    SLICE_X4Y16          FDRE (Prop_fdre_C_Q)         0.419     5.567 r  my_fifo/mSize_reg[3]/Q
                         net (fo=11, routed)          1.432     7.000    display_driver/mSize[3]
    SLICE_X8Y16          LUT6 (Prop_lut6_I4_O)        0.296     7.296 r  display_driver/seg_OBUF[6]_inst_i_5/O
                         net (fo=7, routed)           0.822     8.118    display_driver/seg_OBUF[6]_inst_i_5_n_0
    SLICE_X8Y17          LUT5 (Prop_lut5_I0_O)        0.124     8.242 r  display_driver/seg_OBUF[5]_inst_i_1/O
                         net (fo=1, routed)           3.449    11.691    seg_OBUF[5]
    V5                   OBUF (Prop_obuf_I_O)         3.504    15.196 r  seg_OBUF[5]_inst/O
                         net (fo=0)                   0.000    15.196    seg[5]
    V5                                                                r  seg[5] (OUT)
  -------------------------------------------------------------------    -------------------

Slack:                    inf
  Source:                 my_fifo/mSize_reg[3]/C
                            (rising edge-triggered cell FDRE clocked by sys_clk  {rise@0.000ns fall@5.000ns period=10.000ns})
  Destination:            seg[4]
                            (output port)
  Path Group:             (none)
  Path Type:              Max at Slow Process Corner
  Data Path Delay:        9.793ns  (logic 4.359ns (44.509%)  route 5.434ns (55.491%))
  Logic Levels:           3  (LUT5=1 LUT6=1 OBUF=1)
  Clock Uncertainty:      0.025ns  ((TSJ^2 + TIJ^2)^1/2 + DJ) / 2 + PE
    Total System Jitter     (TSJ):    0.050ns
    Total Input Jitter      (TIJ):    0.000ns
    Discrete Jitter          (DJ):    0.000ns
    Phase Error              (PE):    0.000ns

    Location             Delay type                Incr(ns)  Path(ns)    Netlist Resource(s)
  -------------------------------------------------------------------    -------------------
                         (clock sys_clk rise edge)    0.000     0.000 r  
    W5                                                0.000     0.000 r  clk (IN)
                         net (fo=0)                   0.000     0.000    clk
    W5                   IBUF (Prop_ibuf_I_O)         1.458     1.458 r  clk_IBUF_inst/O
                         net (fo=1, routed)           1.967     3.425    clk_IBUF
    BUFGCTRL_X0Y0        BUFG (Prop_bufg_I_O)         0.096     3.521 r  clk_IBUF_BUFG_inst/O
                         net (fo=112, routed)         1.627     5.148    my_fifo/CLK
    SLICE_X4Y16          FDRE                                         r  my_fifo/mSize_reg[3]/C
  -------------------------------------------------------------------    -------------------
    SLICE_X4Y16          FDRE (Prop_fdre_C_Q)         0.419     5.567 f  my_fifo/mSize_reg[3]/Q
                         net (fo=11, routed)          1.432     7.000    display_driver/mSize[3]
    SLICE_X8Y16          LUT6 (Prop_lut6_I4_O)        0.296     7.296 f  display_driver/seg_OBUF[6]_inst_i_5/O
                         net (fo=7, routed)           0.668     7.964    display_driver/seg_OBUF[6]_inst_i_5_n_0
    SLICE_X9Y16          LUT5 (Prop_lut5_I4_O)        0.124     8.088 r  display_driver/seg_OBUF[4]_inst_i_1/O
                         net (fo=1, routed)           3.334    11.422    seg_OBUF[4]
    U5                   OBUF (Prop_obuf_I_O)         3.520    14.942 r  seg_OBUF[4]_inst/O
                         net (fo=0)                   0.000    14.942    seg[4]
    U5                                                                r  seg[4] (OUT)
  -------------------------------------------------------------------    -------------------

Slack:                    inf
  Source:                 db_rst/data_out_reg/C
                            (rising edge-triggered cell FDRE clocked by sys_clk  {rise@0.000ns fall@5.000ns period=10.000ns})
  Destination:            an[0]
                            (output port)
  Path Group:             (none)
  Path Type:              Max at Slow Process Corner
  Data Path Delay:        9.662ns  (logic 4.313ns (44.635%)  route 5.350ns (55.365%))
  Logic Levels:           2  (LUT3=1 OBUF=1)
  Clock Uncertainty:      0.025ns  ((TSJ^2 + TIJ^2)^1/2 + DJ) / 2 + PE
    Total System Jitter     (TSJ):    0.050ns
    Total Input Jitter      (TIJ):    0.000ns
    Discrete Jitter          (DJ):    0.000ns
    Phase Error              (PE):    0.000ns

    Location             Delay type                Incr(ns)  Path(ns)    Netlist Resource(s)
  -------------------------------------------------------------------    -------------------
                         (clock sys_clk rise edge)    0.000     0.000 r  
    W5                                                0.000     0.000 r  clk (IN)
                         net (fo=0)                   0.000     0.000    clk
    W5                   IBUF (Prop_ibuf_I_O)         1.458     1.458 r  clk_IBUF_inst/O
                         net (fo=1, routed)           1.967     3.425    clk_IBUF
    BUFGCTRL_X0Y0        BUFG (Prop_bufg_I_O)         0.096     3.521 r  clk_IBUF_BUFG_inst/O
                         net (fo=112, routed)         1.630     5.151    db_rst/CLK
    SLICE_X4Y13          FDRE                                         r  db_rst/data_out_reg/C
  -------------------------------------------------------------------    -------------------
    SLICE_X4Y13          FDRE (Prop_fdre_C_Q)         0.456     5.607 f  db_rst/data_out_reg/Q
                         net (fo=35, routed)          1.565     7.173    display_driver/rst_db
    SLICE_X9Y17          LUT3 (Prop_lut3_I2_O)        0.152     7.325 r  display_driver/an_OBUF[0]_inst_i_1/O
                         net (fo=1, routed)           3.784    11.109    an_OBUF[0]
    U2                   OBUF (Prop_obuf_I_O)         3.705    14.814 r  an_OBUF[0]_inst/O
                         net (fo=0)                   0.000    14.814    an[0]
    U2                                                                r  an[0] (OUT)
  -------------------------------------------------------------------    -------------------

Slack:                    inf
  Source:                 db_rst/data_out_reg/C
                            (rising edge-triggered cell FDRE clocked by sys_clk  {rise@0.000ns fall@5.000ns period=10.000ns})
  Destination:            an[1]
                            (output port)
  Path Group:             (none)
  Path Type:              Max at Slow Process Corner
  Data Path Delay:        9.272ns  (logic 4.079ns (43.992%)  route 5.193ns (56.008%))
  Logic Levels:           2  (LUT3=1 OBUF=1)
  Clock Uncertainty:      0.025ns  ((TSJ^2 + TIJ^2)^1/2 + DJ) / 2 + PE
    Total System Jitter     (TSJ):    0.050ns
    Total Input Jitter      (TIJ):    0.000ns
    Discrete Jitter          (DJ):    0.000ns
    Phase Error              (PE):    0.000ns

    Location             Delay type                Incr(ns)  Path(ns)    Netlist Resource(s)
  -------------------------------------------------------------------    -------------------
                         (clock sys_clk rise edge)    0.000     0.000 r  
    W5                                                0.000     0.000 r  clk (IN)
                         net (fo=0)                   0.000     0.000    clk
    W5                   IBUF (Prop_ibuf_I_O)         1.458     1.458 r  clk_IBUF_inst/O
                         net (fo=1, routed)           1.967     3.425    clk_IBUF
    BUFGCTRL_X0Y0        BUFG (Prop_bufg_I_O)         0.096     3.521 r  clk_IBUF_BUFG_inst/O
                         net (fo=112, routed)         1.630     5.151    db_rst/CLK
    SLICE_X4Y13          FDRE                                         r  db_rst/data_out_reg/C
  -------------------------------------------------------------------    -------------------
    SLICE_X4Y13          FDRE (Prop_fdre_C_Q)         0.456     5.607 f  db_rst/data_out_reg/Q
                         net (fo=35, routed)          1.565     7.173    display_driver/rst_db
    SLICE_X9Y17          LUT3 (Prop_lut3_I0_O)        0.124     7.297 r  display_driver/an_OBUF[1]_inst_i_1/O
                         net (fo=1, routed)           3.628    10.924    an_OBUF[1]
    U4                   OBUF (Prop_obuf_I_O)         3.499    14.424 r  an_OBUF[1]_inst/O
                         net (fo=0)                   0.000    14.424    an[1]
    U4                                                                r  an[1] (OUT)
  -------------------------------------------------------------------    -------------------

Slack:                    inf
  Source:                 db_rst/data_out_reg/C
                            (rising edge-triggered cell FDRE clocked by sys_clk  {rise@0.000ns fall@5.000ns period=10.000ns})
  Destination:            an[2]
                            (output port)
  Path Group:             (none)
  Path Type:              Max at Slow Process Corner
  Data Path Delay:        9.122ns  (logic 4.103ns (44.979%)  route 5.019ns (55.021%))
  Logic Levels:           2  (LUT3=1 OBUF=1)
  Clock Uncertainty:      0.025ns  ((TSJ^2 + TIJ^2)^1/2 + DJ) / 2 + PE
    Total System Jitter     (TSJ):    0.050ns
    Total Input Jitter      (TIJ):    0.000ns
    Discrete Jitter          (DJ):    0.000ns
    Phase Error              (PE):    0.000ns

    Location             Delay type                Incr(ns)  Path(ns)    Netlist Resource(s)
  -------------------------------------------------------------------    -------------------
                         (clock sys_clk rise edge)    0.000     0.000 r  
    W5                                                0.000     0.000 r  clk (IN)
                         net (fo=0)                   0.000     0.000    clk
    W5                   IBUF (Prop_ibuf_I_O)         1.458     1.458 r  clk_IBUF_inst/O
                         net (fo=1, routed)           1.967     3.425    clk_IBUF
    BUFGCTRL_X0Y0        BUFG (Prop_bufg_I_O)         0.096     3.521 r  clk_IBUF_BUFG_inst/O
                         net (fo=112, routed)         1.630     5.151    db_rst/CLK
    SLICE_X4Y13          FDRE                                         r  db_rst/data_out_reg/C
  -------------------------------------------------------------------    -------------------
    SLICE_X4Y13          FDRE (Prop_fdre_C_Q)         0.456     5.607 f  db_rst/data_out_reg/Q
                         net (fo=35, routed)          1.564     7.172    display_driver/rst_db
    SLICE_X9Y17          LUT3 (Prop_lut3_I2_O)        0.124     7.296 r  display_driver/an_OBUF[2]_inst_i_1/O
                         net (fo=1, routed)           3.455    10.750    an_OBUF[2]
    V4                   OBUF (Prop_obuf_I_O)         3.523    14.273 r  an_OBUF[2]_inst/O
                         net (fo=0)                   0.000    14.273    an[2]
    V4                                                                r  an[2] (OUT)
  -------------------------------------------------------------------    -------------------





Min Delay Paths
--------------------------------------------------------------------------------------
Slack:                    inf
  Source:                 my_fifo/mSize_reg[2]/C
                            (rising edge-triggered cell FDRE clocked by sys_clk  {rise@0.000ns fall@5.000ns period=10.000ns})
  Destination:            led[0]
                            (output port)
  Path Group:             (none)
  Path Type:              Min at Fast Process Corner
  Data Path Delay:        2.138ns  (logic 1.455ns (68.054%)  route 0.683ns (31.946%))
  Logic Levels:           2  (LUT4=1 OBUF=1)
  Clock Uncertainty:      0.025ns  ((TSJ^2 + TIJ^2)^1/2 + DJ) / 2 + PE
    Total System Jitter     (TSJ):    0.050ns
    Total Input Jitter      (TIJ):    0.000ns
    Discrete Jitter          (DJ):    0.000ns
    Phase Error              (PE):    0.000ns

    Location             Delay type                Incr(ns)  Path(ns)    Netlist Resource(s)
  -------------------------------------------------------------------    -------------------
                         (clock sys_clk rise edge)    0.000     0.000 r  
    W5                                                0.000     0.000 r  clk (IN)
                         net (fo=0)                   0.000     0.000    clk
    W5                   IBUF (Prop_ibuf_I_O)         0.226     0.226 r  clk_IBUF_inst/O
                         net (fo=1, routed)           0.631     0.858    clk_IBUF
    BUFGCTRL_X0Y0        BUFG (Prop_bufg_I_O)         0.026     0.884 r  clk_IBUF_BUFG_inst/O
                         net (fo=112, routed)         0.588     1.471    my_fifo/CLK
    SLICE_X4Y16          FDRE                                         r  my_fifo/mSize_reg[2]/C
  -------------------------------------------------------------------    -------------------
    SLICE_X4Y16          FDRE (Prop_fdre_C_Q)         0.141     1.612 f  my_fifo/mSize_reg[2]/Q
                         net (fo=12, routed)          0.171     1.783    my_fifo/mSize[2]
    SLICE_X5Y16          LUT4 (Prop_lut4_I3_O)        0.046     1.829 r  my_fifo/led_OBUF[0]_inst_i_1/O
                         net (fo=1, routed)           0.512     2.341    led_OBUF[0]
    U16                  OBUF (Prop_obuf_I_O)         1.268     3.609 r  led_OBUF[0]_inst/O
                         net (fo=0)                   0.000     3.609    led[0]
    U16                                                               r  led[0] (OUT)
  -------------------------------------------------------------------    -------------------

Slack:                    inf
  Source:                 my_fifo/mSize_reg[2]/C
                            (rising edge-triggered cell FDRE clocked by sys_clk  {rise@0.000ns fall@5.000ns period=10.000ns})
  Destination:            led[1]
                            (output port)
  Path Group:             (none)
  Path Type:              Min at Fast Process Corner
  Data Path Delay:        2.432ns  (logic 1.484ns (61.005%)  route 0.948ns (38.995%))
  Logic Levels:           2  (LUT4=1 OBUF=1)
  Clock Uncertainty:      0.025ns  ((TSJ^2 + TIJ^2)^1/2 + DJ) / 2 + PE
    Total System Jitter     (TSJ):    0.050ns
    Total Input Jitter      (TIJ):    0.000ns
    Discrete Jitter          (DJ):    0.000ns
    Phase Error              (PE):    0.000ns

    Location             Delay type                Incr(ns)  Path(ns)    Netlist Resource(s)
  -------------------------------------------------------------------    -------------------
                         (clock sys_clk rise edge)    0.000     0.000 r  
    W5                                                0.000     0.000 r  clk (IN)
                         net (fo=0)                   0.000     0.000    clk
    W5                   IBUF (Prop_ibuf_I_O)         0.226     0.226 r  clk_IBUF_inst/O
                         net (fo=1, routed)           0.631     0.858    clk_IBUF
    BUFGCTRL_X0Y0        BUFG (Prop_bufg_I_O)         0.026     0.884 r  clk_IBUF_BUFG_inst/O
                         net (fo=112, routed)         0.588     1.471    my_fifo/CLK
    SLICE_X4Y16          FDRE                                         r  my_fifo/mSize_reg[2]/C
  -------------------------------------------------------------------    -------------------
    SLICE_X4Y16          FDRE (Prop_fdre_C_Q)         0.141     1.612 f  my_fifo/mSize_reg[2]/Q
                         net (fo=12, routed)          0.171     1.783    my_fifo/mSize[2]
    SLICE_X5Y16          LUT4 (Prop_lut4_I3_O)        0.045     1.828 r  my_fifo/led_OBUF[1]_inst_i_1/O
                         net (fo=1, routed)           0.777     2.605    led_OBUF[1]
    E19                  OBUF (Prop_obuf_I_O)         1.298     3.903 r  led_OBUF[1]_inst/O
                         net (fo=0)                   0.000     3.903    led[1]
    E19                                                               r  led[1] (OUT)
  -------------------------------------------------------------------    -------------------

Slack:                    inf
  Source:                 popped_data_reg[4]/C
                            (rising edge-triggered cell FDRE clocked by sys_clk  {rise@0.000ns fall@5.000ns period=10.000ns})
  Destination:            seg[3]
                            (output port)
  Path Group:             (none)
  Path Type:              Min at Fast Process Corner
  Data Path Delay:        2.896ns  (logic 1.490ns (51.469%)  route 1.405ns (48.531%))
  Logic Levels:           3  (LUT4=1 LUT6=1 OBUF=1)
  Clock Uncertainty:      0.025ns  ((TSJ^2 + TIJ^2)^1/2 + DJ) / 2 + PE
    Total System Jitter     (TSJ):    0.050ns
    Total Input Jitter      (TIJ):    0.000ns
    Discrete Jitter          (DJ):    0.000ns
    Phase Error              (PE):    0.000ns

    Location             Delay type                Incr(ns)  Path(ns)    Netlist Resource(s)
  -------------------------------------------------------------------    -------------------
                         (clock sys_clk rise edge)    0.000     0.000 r  
    W5                                                0.000     0.000 r  clk (IN)
                         net (fo=0)                   0.000     0.000    clk
    W5                   IBUF (Prop_ibuf_I_O)         0.226     0.226 r  clk_IBUF_inst/O
                         net (fo=1, routed)           0.631     0.858    clk_IBUF
    BUFGCTRL_X0Y0        BUFG (Prop_bufg_I_O)         0.026     0.884 r  clk_IBUF_BUFG_inst/O
                         net (fo=112, routed)         0.562     1.445    clk_IBUF_BUFG
    SLICE_X8Y15          FDRE                                         r  popped_data_reg[4]/C
  -------------------------------------------------------------------    -------------------
    SLICE_X8Y15          FDRE (Prop_fdre_C_Q)         0.164     1.609 r  popped_data_reg[4]/Q
                         net (fo=1, routed)           0.137     1.746    display_driver/Q[4]
    SLICE_X8Y15          LUT6 (Prop_lut6_I1_O)        0.045     1.791 r  display_driver/seg_OBUF[6]_inst_i_4/O
                         net (fo=7, routed)           0.228     2.019    display_driver/seg_OBUF[6]_inst_i_4_n_0
    SLICE_X9Y17          LUT4 (Prop_lut4_I2_O)        0.045     2.064 r  display_driver/seg_OBUF[3]_inst_i_1/O
                         net (fo=1, routed)           1.040     3.104    seg_OBUF[3]
    V8                   OBUF (Prop_obuf_I_O)         1.236     4.341 r  seg_OBUF[3]_inst/O
                         net (fo=0)                   0.000     4.341    seg[3]
    V8                                                                r  seg[3] (OUT)
  -------------------------------------------------------------------    -------------------

Slack:                    inf
  Source:                 popped_data_reg[4]/C
                            (rising edge-triggered cell FDRE clocked by sys_clk  {rise@0.000ns fall@5.000ns period=10.000ns})
  Destination:            seg[4]
                            (output port)
  Path Group:             (none)
  Path Type:              Min at Fast Process Corner
  Data Path Delay:        2.928ns  (logic 1.475ns (50.368%)  route 1.453ns (49.632%))
  Logic Levels:           3  (LUT5=1 LUT6=1 OBUF=1)
  Clock Uncertainty:      0.025ns  ((TSJ^2 + TIJ^2)^1/2 + DJ) / 2 + PE
    Total System Jitter     (TSJ):    0.050ns
    Total Input Jitter      (TIJ):    0.000ns
    Discrete Jitter          (DJ):    0.000ns
    Phase Error              (PE):    0.000ns

    Location             Delay type                Incr(ns)  Path(ns)    Netlist Resource(s)
  -------------------------------------------------------------------    -------------------
                         (clock sys_clk rise edge)    0.000     0.000 r  
    W5                                                0.000     0.000 r  clk (IN)
                         net (fo=0)                   0.000     0.000    clk
    W5                   IBUF (Prop_ibuf_I_O)         0.226     0.226 r  clk_IBUF_inst/O
                         net (fo=1, routed)           0.631     0.858    clk_IBUF
    BUFGCTRL_X0Y0        BUFG (Prop_bufg_I_O)         0.026     0.884 r  clk_IBUF_BUFG_inst/O
                         net (fo=112, routed)         0.562     1.445    clk_IBUF_BUFG
    SLICE_X8Y15          FDRE                                         r  popped_data_reg[4]/C
  -------------------------------------------------------------------    -------------------
    SLICE_X8Y15          FDRE (Prop_fdre_C_Q)         0.164     1.609 r  popped_data_reg[4]/Q
                         net (fo=1, routed)           0.137     1.746    display_driver/Q[4]
    SLICE_X8Y15          LUT6 (Prop_lut6_I1_O)        0.045     1.791 r  display_driver/seg_OBUF[6]_inst_i_4/O
                         net (fo=7, routed)           0.153     1.945    display_driver/seg_OBUF[6]_inst_i_4_n_0
    SLICE_X9Y16          LUT5 (Prop_lut5_I0_O)        0.045     1.990 r  display_driver/seg_OBUF[4]_inst_i_1/O
                         net (fo=1, routed)           1.163     3.152    seg_OBUF[4]
    U5                   OBUF (Prop_obuf_I_O)         1.221     4.373 r  seg_OBUF[4]_inst/O
                         net (fo=0)                   0.000     4.373    seg[4]
    U5                                                                r  seg[4] (OUT)
  -------------------------------------------------------------------    -------------------

Slack:                    inf
  Source:                 popped_data_reg[1]/C
                            (rising edge-triggered cell FDRE clocked by sys_clk  {rise@0.000ns fall@5.000ns period=10.000ns})
  Destination:            seg[5]
                            (output port)
  Path Group:             (none)
  Path Type:              Min at Fast Process Corner
  Data Path Delay:        3.025ns  (logic 1.477ns (48.803%)  route 1.549ns (51.197%))
  Logic Levels:           3  (LUT5=1 LUT6=1 OBUF=1)
  Clock Uncertainty:      0.025ns  ((TSJ^2 + TIJ^2)^1/2 + DJ) / 2 + PE
    Total System Jitter     (TSJ):    0.050ns
    Total Input Jitter      (TIJ):    0.000ns
    Discrete Jitter          (DJ):    0.000ns
    Phase Error              (PE):    0.000ns

    Location             Delay type                Incr(ns)  Path(ns)    Netlist Resource(s)
  -------------------------------------------------------------------    -------------------
                         (clock sys_clk rise edge)    0.000     0.000 r  
    W5                                                0.000     0.000 r  clk (IN)
                         net (fo=0)                   0.000     0.000    clk
    W5                   IBUF (Prop_ibuf_I_O)         0.226     0.226 r  clk_IBUF_inst/O
                         net (fo=1, routed)           0.631     0.858    clk_IBUF
    BUFGCTRL_X0Y0        BUFG (Prop_bufg_I_O)         0.026     0.884 r  clk_IBUF_BUFG_inst/O
                         net (fo=112, routed)         0.562     1.445    clk_IBUF_BUFG
    SLICE_X9Y15          FDRE                                         r  popped_data_reg[1]/C
  -------------------------------------------------------------------    -------------------
    SLICE_X9Y15          FDRE (Prop_fdre_C_Q)         0.128     1.573 r  popped_data_reg[1]/Q
                         net (fo=2, routed)           0.100     1.673    display_driver/Q[1]
    SLICE_X9Y15          LUT6 (Prop_lut6_I4_O)        0.098     1.771 r  display_driver/seg_OBUF[6]_inst_i_3/O
                         net (fo=6, routed)           0.228     2.000    display_driver/seg_OBUF[6]_inst_i_3_n_0
    SLICE_X8Y17          LUT5 (Prop_lut5_I4_O)        0.045     2.045 r  display_driver/seg_OBUF[5]_inst_i_1/O
                         net (fo=1, routed)           1.220     3.265    seg_OBUF[5]
    V5                   OBUF (Prop_obuf_I_O)         1.206     4.471 r  seg_OBUF[5]_inst/O
                         net (fo=0)                   0.000     4.471    seg[5]
    V5                                                                r  seg[5] (OUT)
  -------------------------------------------------------------------    -------------------

Slack:                    inf
  Source:                 popped_data_reg[4]/C
                            (rising edge-triggered cell FDRE clocked by sys_clk  {rise@0.000ns fall@5.000ns period=10.000ns})
  Destination:            seg[1]
                            (output port)
  Path Group:             (none)
  Path Type:              Min at Fast Process Corner
  Data Path Delay:        3.058ns  (logic 1.484ns (48.523%)  route 1.574ns (51.477%))
  Logic Levels:           3  (LUT4=1 LUT6=1 OBUF=1)
  Clock Uncertainty:      0.025ns  ((TSJ^2 + TIJ^2)^1/2 + DJ) / 2 + PE
    Total System Jitter     (TSJ):    0.050ns
    Total Input Jitter      (TIJ):    0.000ns
    Discrete Jitter          (DJ):    0.000ns
    Phase Error              (PE):    0.000ns

    Location             Delay type                Incr(ns)  Path(ns)    Netlist Resource(s)
  -------------------------------------------------------------------    -------------------
                         (clock sys_clk rise edge)    0.000     0.000 r  
    W5                                                0.000     0.000 r  clk (IN)
                         net (fo=0)                   0.000     0.000    clk
    W5                   IBUF (Prop_ibuf_I_O)         0.226     0.226 r  clk_IBUF_inst/O
                         net (fo=1, routed)           0.631     0.858    clk_IBUF
    BUFGCTRL_X0Y0        BUFG (Prop_bufg_I_O)         0.026     0.884 r  clk_IBUF_BUFG_inst/O
                         net (fo=112, routed)         0.562     1.445    clk_IBUF_BUFG
    SLICE_X8Y15          FDRE                                         r  popped_data_reg[4]/C
  -------------------------------------------------------------------    -------------------
    SLICE_X8Y15          FDRE (Prop_fdre_C_Q)         0.164     1.609 r  popped_data_reg[4]/Q
                         net (fo=1, routed)           0.137     1.746    display_driver/Q[4]
    SLICE_X8Y15          LUT6 (Prop_lut6_I1_O)        0.045     1.791 r  display_driver/seg_OBUF[6]_inst_i_4/O
                         net (fo=7, routed)           0.173     1.964    display_driver/seg_OBUF[6]_inst_i_4_n_0
    SLICE_X9Y17          LUT4 (Prop_lut4_I3_O)        0.045     2.009 r  display_driver/seg_OBUF[1]_inst_i_1/O
                         net (fo=1, routed)           1.264     3.274    seg_OBUF[1]
    W6                   OBUF (Prop_obuf_I_O)         1.230     4.504 r  seg_OBUF[1]_inst/O
                         net (fo=0)                   0.000     4.504    seg[1]
    W6                                                                r  seg[1] (OUT)
  -------------------------------------------------------------------    -------------------

Slack:                    inf
  Source:                 display_driver/refresh_counter_reg[19]/C
                            (rising edge-triggered cell FDRE clocked by sys_clk  {rise@0.000ns fall@5.000ns period=10.000ns})
  Destination:            an[3]
                            (output port)
  Path Group:             (none)
  Path Type:              Min at Fast Process Corner
  Data Path Delay:        3.033ns  (logic 1.462ns (48.224%)  route 1.570ns (51.776%))
  Logic Levels:           2  (LUT3=1 OBUF=1)
  Clock Uncertainty:      0.025ns  ((TSJ^2 + TIJ^2)^1/2 + DJ) / 2 + PE
    Total System Jitter     (TSJ):    0.050ns
    Total Input Jitter      (TIJ):    0.000ns
    Discrete Jitter          (DJ):    0.000ns
    Phase Error              (PE):    0.000ns

    Location             Delay type                Incr(ns)  Path(ns)    Netlist Resource(s)
  -------------------------------------------------------------------    -------------------
                         (clock sys_clk rise edge)    0.000     0.000 r  
    W5                                                0.000     0.000 r  clk (IN)
                         net (fo=0)                   0.000     0.000    clk
    W5                   IBUF (Prop_ibuf_I_O)         0.226     0.226 r  clk_IBUF_inst/O
                         net (fo=1, routed)           0.631     0.858    clk_IBUF
    BUFGCTRL_X0Y0        BUFG (Prop_bufg_I_O)         0.026     0.884 r  clk_IBUF_BUFG_inst/O
                         net (fo=112, routed)         0.589     1.472    display_driver/CLK
    SLICE_X7Y13          FDRE                                         r  display_driver/refresh_counter_reg[19]/C
  -------------------------------------------------------------------    -------------------
    SLICE_X7Y13          FDRE (Prop_fdre_C_Q)         0.141     1.613 r  display_driver/refresh_counter_reg[19]/Q
                         net (fo=11, routed)          0.448     2.062    display_driver/LED_active_pos[1]
    SLICE_X9Y17          LUT3 (Prop_lut3_I1_O)        0.043     2.105 r  display_driver/an_OBUF[3]_inst_i_1/O
                         net (fo=1, routed)           1.122     3.226    an_OBUF[3]
    W4                   OBUF (Prop_obuf_I_O)         1.278     4.505 r  an_OBUF[3]_inst/O
                         net (fo=0)                   0.000     4.505    an[3]
    W4                                                                r  an[3] (OUT)
  -------------------------------------------------------------------    -------------------

Slack:                    inf
  Source:                 popped_data_reg[1]/C
                            (rising edge-triggered cell FDRE clocked by sys_clk  {rise@0.000ns fall@5.000ns period=10.000ns})
  Destination:            seg[2]
                            (output port)
  Path Group:             (none)
  Path Type:              Min at Fast Process Corner
  Data Path Delay:        3.077ns  (logic 1.576ns (51.211%)  route 1.501ns (48.789%))
  Logic Levels:           3  (LUT5=1 LUT6=1 OBUF=1)
  Clock Uncertainty:      0.025ns  ((TSJ^2 + TIJ^2)^1/2 + DJ) / 2 + PE
    Total System Jitter     (TSJ):    0.050ns
    Total Input Jitter      (TIJ):    0.000ns
    Discrete Jitter          (DJ):    0.000ns
    Phase Error              (PE):    0.000ns

    Location             Delay type                Incr(ns)  Path(ns)    Netlist Resource(s)
  -------------------------------------------------------------------    -------------------
                         (clock sys_clk rise edge)    0.000     0.000 r  
    W5                                                0.000     0.000 r  clk (IN)
                         net (fo=0)                   0.000     0.000    clk
    W5                   IBUF (Prop_ibuf_I_O)         0.226     0.226 r  clk_IBUF_inst/O
                         net (fo=1, routed)           0.631     0.858    clk_IBUF
    BUFGCTRL_X0Y0        BUFG (Prop_bufg_I_O)         0.026     0.884 r  clk_IBUF_BUFG_inst/O
                         net (fo=112, routed)         0.562     1.445    clk_IBUF_BUFG
    SLICE_X9Y15          FDRE                                         r  popped_data_reg[1]/C
  -------------------------------------------------------------------    -------------------
    SLICE_X9Y15          FDRE (Prop_fdre_C_Q)         0.128     1.573 r  popped_data_reg[1]/Q
                         net (fo=2, routed)           0.100     1.673    display_driver/Q[1]
    SLICE_X9Y15          LUT6 (Prop_lut6_I4_O)        0.098     1.771 r  display_driver/seg_OBUF[6]_inst_i_3/O
                         net (fo=6, routed)           0.228     2.000    display_driver/seg_OBUF[6]_inst_i_3_n_0
    SLICE_X8Y17          LUT5 (Prop_lut5_I3_O)        0.048     2.048 r  display_driver/seg_OBUF[2]_inst_i_1/O
                         net (fo=1, routed)           1.173     3.221    seg_OBUF[2]
    U8                   OBUF (Prop_obuf_I_O)         1.302     4.523 r  seg_OBUF[2]_inst/O
                         net (fo=0)                   0.000     4.523    seg[2]
    U8                                                                r  seg[2] (OUT)
  -------------------------------------------------------------------    -------------------

Slack:                    inf
  Source:                 popped_data_reg[4]/C
                            (rising edge-triggered cell FDRE clocked by sys_clk  {rise@0.000ns fall@5.000ns period=10.000ns})
  Destination:            seg[0]
                            (output port)
  Path Group:             (none)
  Path Type:              Min at Fast Process Corner
  Data Path Delay:        3.094ns  (logic 1.537ns (49.664%)  route 1.558ns (50.336%))
  Logic Levels:           3  (LUT4=1 LUT6=1 OBUF=1)
  Clock Uncertainty:      0.025ns  ((TSJ^2 + TIJ^2)^1/2 + DJ) / 2 + PE
    Total System Jitter     (TSJ):    0.050ns
    Total Input Jitter      (TIJ):    0.000ns
    Discrete Jitter          (DJ):    0.000ns
    Phase Error              (PE):    0.000ns

    Location             Delay type                Incr(ns)  Path(ns)    Netlist Resource(s)
  -------------------------------------------------------------------    -------------------
                         (clock sys_clk rise edge)    0.000     0.000 r  
    W5                                                0.000     0.000 r  clk (IN)
                         net (fo=0)                   0.000     0.000    clk
    W5                   IBUF (Prop_ibuf_I_O)         0.226     0.226 r  clk_IBUF_inst/O
                         net (fo=1, routed)           0.631     0.858    clk_IBUF
    BUFGCTRL_X0Y0        BUFG (Prop_bufg_I_O)         0.026     0.884 r  clk_IBUF_BUFG_inst/O
                         net (fo=112, routed)         0.562     1.445    clk_IBUF_BUFG
    SLICE_X8Y15          FDRE                                         r  popped_data_reg[4]/C
  -------------------------------------------------------------------    -------------------
    SLICE_X8Y15          FDRE (Prop_fdre_C_Q)         0.164     1.609 r  popped_data_reg[4]/Q
                         net (fo=1, routed)           0.137     1.746    display_driver/Q[4]
    SLICE_X8Y15          LUT6 (Prop_lut6_I1_O)        0.045     1.791 r  display_driver/seg_OBUF[6]_inst_i_4/O
                         net (fo=7, routed)           0.173     1.964    display_driver/seg_OBUF[6]_inst_i_4_n_0
    SLICE_X9Y17          LUT4 (Prop_lut4_I2_O)        0.051     2.015 r  display_driver/seg_OBUF[0]_inst_i_1/O
                         net (fo=1, routed)           1.248     3.263    seg_OBUF[0]
    W7                   OBUF (Prop_obuf_I_O)         1.277     4.539 r  seg_OBUF[0]_inst/O
                         net (fo=0)                   0.000     4.539    seg[0]
    W7                                                                r  seg[0] (OUT)
  -------------------------------------------------------------------    -------------------

Slack:                    inf
  Source:                 popped_data_reg[4]/C
                            (rising edge-triggered cell FDRE clocked by sys_clk  {rise@0.000ns fall@5.000ns period=10.000ns})
  Destination:            seg[6]
                            (output port)
  Path Group:             (none)
  Path Type:              Min at Fast Process Corner
  Data Path Delay:        3.097ns  (logic 1.552ns (50.129%)  route 1.544ns (49.871%))
  Logic Levels:           3  (LUT4=1 LUT6=1 OBUF=1)
  Clock Uncertainty:      0.025ns  ((TSJ^2 + TIJ^2)^1/2 + DJ) / 2 + PE
    Total System Jitter     (TSJ):    0.050ns
    Total Input Jitter      (TIJ):    0.000ns
    Discrete Jitter          (DJ):    0.000ns
    Phase Error              (PE):    0.000ns

    Location             Delay type                Incr(ns)  Path(ns)    Netlist Resource(s)
  -------------------------------------------------------------------    -------------------
                         (clock sys_clk rise edge)    0.000     0.000 r  
    W5                                                0.000     0.000 r  clk (IN)
                         net (fo=0)                   0.000     0.000    clk
    W5                   IBUF (Prop_ibuf_I_O)         0.226     0.226 r  clk_IBUF_inst/O
                         net (fo=1, routed)           0.631     0.858    clk_IBUF
    BUFGCTRL_X0Y0        BUFG (Prop_bufg_I_O)         0.026     0.884 r  clk_IBUF_BUFG_inst/O
                         net (fo=112, routed)         0.562     1.445    clk_IBUF_BUFG
    SLICE_X8Y15          FDRE                                         r  popped_data_reg[4]/C
  -------------------------------------------------------------------    -------------------
    SLICE_X8Y15          FDRE (Prop_fdre_C_Q)         0.164     1.609 r  popped_data_reg[4]/Q
                         net (fo=1, routed)           0.137     1.746    display_driver/Q[4]
    SLICE_X8Y15          LUT6 (Prop_lut6_I1_O)        0.045     1.791 r  display_driver/seg_OBUF[6]_inst_i_4/O
                         net (fo=7, routed)           0.228     2.019    display_driver/seg_OBUF[6]_inst_i_4_n_0
    SLICE_X9Y17          LUT4 (Prop_lut4_I2_O)        0.044     2.063 r  display_driver/seg_OBUF[6]_inst_i_1/O
                         net (fo=1, routed)           1.179     3.242    seg_OBUF[6]
    U7                   OBUF (Prop_obuf_I_O)         1.299     4.542 r  seg_OBUF[6]_inst/O
                         net (fo=0)                   0.000     4.542    seg[6]
    U7                                                                r  seg[6] (OUT)
  -------------------------------------------------------------------    -------------------





--------------------------------------------------------------------------------------
Path Group:  (none)
From Clock:  
  To Clock:  sys_clk

Max Delay            77 Endpoints
Min Delay            77 Endpoints
--------------------------------------------------------------------------------------


Max Delay Paths
--------------------------------------------------------------------------------------
Slack:                    inf
  Source:                 btnL
                            (input port)
  Destination:            db_rst_inst/counter_reg[16]/R
                            (rising edge-triggered cell FDRE clocked by sys_clk  {rise@0.000ns fall@5.000ns period=10.000ns})
  Path Group:             (none)
  Path Type:              Setup (Max at Slow Process Corner)
  Data Path Delay:        4.077ns  (logic 1.575ns (38.633%)  route 2.502ns (61.367%))
  Logic Levels:           2  (IBUF=1 LUT3=1)
  Clock Path Skew:        4.852ns (DCD - SCD + CPR)
    Destination Clock Delay (DCD):    4.852ns
    Source Clock Delay      (SCD):    0.000ns
    Clock Pessimism Removal (CPR):    0.000ns
  Clock Uncertainty:      0.025ns  ((TSJ^2 + TIJ^2)^1/2 + DJ) / 2 + PE
    Total System Jitter     (TSJ):    0.050ns
    Total Input Jitter      (TIJ):    0.000ns
    Discrete Jitter          (DJ):    0.000ns
    Phase Error              (PE):    0.000ns

    Location             Delay type                Incr(ns)  Path(ns)    Netlist Resource(s)
  -------------------------------------------------------------------    -------------------
    W19                                               0.000     0.000 r  btnL (IN)
                         net (fo=0)                   0.000     0.000    btnL
    W19                  IBUF (Prop_ibuf_I_O)         1.451     1.451 r  btnL_IBUF_inst/O
                         net (fo=4, routed)           1.388     2.839    sp_rst/btnL_IBUF
    SLICE_X3Y17          LUT3 (Prop_lut3_I2_O)        0.124     2.963 r  sp_rst/counter[0]_i_1__0/O
                         net (fo=20, routed)          1.114     4.077    db_rst_inst/counter_reg[0]_0
    SLICE_X2Y17          FDRE                                         r  db_rst_inst/counter_reg[16]/R
  -------------------------------------------------------------------    -------------------

                         (clock sys_clk rise edge)    0.000     0.000 r  
    W5                                                0.000     0.000 r  clk (IN)
                         net (fo=0)                   0.000     0.000    clk
    W5                   IBUF (Prop_ibuf_I_O)         1.388     1.388 r  clk_IBUF_inst/O
                         net (fo=1, routed)           1.862     3.250    clk_IBUF
    BUFGCTRL_X0Y0        BUFG (Prop_bufg_I_O)         0.091     3.341 r  clk_IBUF_BUFG_inst/O
                         net (fo=112, routed)         1.511     4.852    db_rst_inst/CLK
    SLICE_X2Y17          FDRE                                         r  db_rst_inst/counter_reg[16]/C

Slack:                    inf
  Source:                 btnL
                            (input port)
  Destination:            db_rst_inst/counter_reg[17]/R
                            (rising edge-triggered cell FDRE clocked by sys_clk  {rise@0.000ns fall@5.000ns period=10.000ns})
  Path Group:             (none)
  Path Type:              Setup (Max at Slow Process Corner)
  Data Path Delay:        4.077ns  (logic 1.575ns (38.633%)  route 2.502ns (61.367%))
  Logic Levels:           2  (IBUF=1 LUT3=1)
  Clock Path Skew:        4.852ns (DCD - SCD + CPR)
    Destination Clock Delay (DCD):    4.852ns
    Source Clock Delay      (SCD):    0.000ns
    Clock Pessimism Removal (CPR):    0.000ns
  Clock Uncertainty:      0.025ns  ((TSJ^2 + TIJ^2)^1/2 + DJ) / 2 + PE
    Total System Jitter     (TSJ):    0.050ns
    Total Input Jitter      (TIJ):    0.000ns
    Discrete Jitter          (DJ):    0.000ns
    Phase Error              (PE):    0.000ns

    Location             Delay type                Incr(ns)  Path(ns)    Netlist Resource(s)
  -------------------------------------------------------------------    -------------------
    W19                                               0.000     0.000 r  btnL (IN)
                         net (fo=0)                   0.000     0.000    btnL
    W19                  IBUF (Prop_ibuf_I_O)         1.451     1.451 r  btnL_IBUF_inst/O
                         net (fo=4, routed)           1.388     2.839    sp_rst/btnL_IBUF
    SLICE_X3Y17          LUT3 (Prop_lut3_I2_O)        0.124     2.963 r  sp_rst/counter[0]_i_1__0/O
                         net (fo=20, routed)          1.114     4.077    db_rst_inst/counter_reg[0]_0
    SLICE_X2Y17          FDRE                                         r  db_rst_inst/counter_reg[17]/R
  -------------------------------------------------------------------    -------------------

                         (clock sys_clk rise edge)    0.000     0.000 r  
    W5                                                0.000     0.000 r  clk (IN)
                         net (fo=0)                   0.000     0.000    clk
    W5                   IBUF (Prop_ibuf_I_O)         1.388     1.388 r  clk_IBUF_inst/O
                         net (fo=1, routed)           1.862     3.250    clk_IBUF
    BUFGCTRL_X0Y0        BUFG (Prop_bufg_I_O)         0.091     3.341 r  clk_IBUF_BUFG_inst/O
                         net (fo=112, routed)         1.511     4.852    db_rst_inst/CLK
    SLICE_X2Y17          FDRE                                         r  db_rst_inst/counter_reg[17]/C

Slack:                    inf
  Source:                 btnL
                            (input port)
  Destination:            db_rst_inst/counter_reg[18]/R
                            (rising edge-triggered cell FDRE clocked by sys_clk  {rise@0.000ns fall@5.000ns period=10.000ns})
  Path Group:             (none)
  Path Type:              Setup (Max at Slow Process Corner)
  Data Path Delay:        4.077ns  (logic 1.575ns (38.633%)  route 2.502ns (61.367%))
  Logic Levels:           2  (IBUF=1 LUT3=1)
  Clock Path Skew:        4.852ns (DCD - SCD + CPR)
    Destination Clock Delay (DCD):    4.852ns
    Source Clock Delay      (SCD):    0.000ns
    Clock Pessimism Removal (CPR):    0.000ns
  Clock Uncertainty:      0.025ns  ((TSJ^2 + TIJ^2)^1/2 + DJ) / 2 + PE
    Total System Jitter     (TSJ):    0.050ns
    Total Input Jitter      (TIJ):    0.000ns
    Discrete Jitter          (DJ):    0.000ns
    Phase Error              (PE):    0.000ns

    Location             Delay type                Incr(ns)  Path(ns)    Netlist Resource(s)
  -------------------------------------------------------------------    -------------------
    W19                                               0.000     0.000 r  btnL (IN)
                         net (fo=0)                   0.000     0.000    btnL
    W19                  IBUF (Prop_ibuf_I_O)         1.451     1.451 r  btnL_IBUF_inst/O
                         net (fo=4, routed)           1.388     2.839    sp_rst/btnL_IBUF
    SLICE_X3Y17          LUT3 (Prop_lut3_I2_O)        0.124     2.963 r  sp_rst/counter[0]_i_1__0/O
                         net (fo=20, routed)          1.114     4.077    db_rst_inst/counter_reg[0]_0
    SLICE_X2Y17          FDRE                                         r  db_rst_inst/counter_reg[18]/R
  -------------------------------------------------------------------    -------------------

                         (clock sys_clk rise edge)    0.000     0.000 r  
    W5                                                0.000     0.000 r  clk (IN)
                         net (fo=0)                   0.000     0.000    clk
    W5                   IBUF (Prop_ibuf_I_O)         1.388     1.388 r  clk_IBUF_inst/O
                         net (fo=1, routed)           1.862     3.250    clk_IBUF
    BUFGCTRL_X0Y0        BUFG (Prop_bufg_I_O)         0.091     3.341 r  clk_IBUF_BUFG_inst/O
                         net (fo=112, routed)         1.511     4.852    db_rst_inst/CLK
    SLICE_X2Y17          FDRE                                         r  db_rst_inst/counter_reg[18]/C

Slack:                    inf
  Source:                 btnL
                            (input port)
  Destination:            db_rst_inst/counter_reg[19]/R
                            (rising edge-triggered cell FDRE clocked by sys_clk  {rise@0.000ns fall@5.000ns period=10.000ns})
  Path Group:             (none)
  Path Type:              Setup (Max at Slow Process Corner)
  Data Path Delay:        4.077ns  (logic 1.575ns (38.633%)  route 2.502ns (61.367%))
  Logic Levels:           2  (IBUF=1 LUT3=1)
  Clock Path Skew:        4.852ns (DCD - SCD + CPR)
    Destination Clock Delay (DCD):    4.852ns
    Source Clock Delay      (SCD):    0.000ns
    Clock Pessimism Removal (CPR):    0.000ns
  Clock Uncertainty:      0.025ns  ((TSJ^2 + TIJ^2)^1/2 + DJ) / 2 + PE
    Total System Jitter     (TSJ):    0.050ns
    Total Input Jitter      (TIJ):    0.000ns
    Discrete Jitter          (DJ):    0.000ns
    Phase Error              (PE):    0.000ns

    Location             Delay type                Incr(ns)  Path(ns)    Netlist Resource(s)
  -------------------------------------------------------------------    -------------------
    W19                                               0.000     0.000 r  btnL (IN)
                         net (fo=0)                   0.000     0.000    btnL
    W19                  IBUF (Prop_ibuf_I_O)         1.451     1.451 r  btnL_IBUF_inst/O
                         net (fo=4, routed)           1.388     2.839    sp_rst/btnL_IBUF
    SLICE_X3Y17          LUT3 (Prop_lut3_I2_O)        0.124     2.963 r  sp_rst/counter[0]_i_1__0/O
                         net (fo=20, routed)          1.114     4.077    db_rst_inst/counter_reg[0]_0
    SLICE_X2Y17          FDRE                                         r  db_rst_inst/counter_reg[19]/R
  -------------------------------------------------------------------    -------------------

                         (clock sys_clk rise edge)    0.000     0.000 r  
    W5                                                0.000     0.000 r  clk (IN)
                         net (fo=0)                   0.000     0.000    clk
    W5                   IBUF (Prop_ibuf_I_O)         1.388     1.388 r  clk_IBUF_inst/O
                         net (fo=1, routed)           1.862     3.250    clk_IBUF
    BUFGCTRL_X0Y0        BUFG (Prop_bufg_I_O)         0.091     3.341 r  clk_IBUF_BUFG_inst/O
                         net (fo=112, routed)         1.511     4.852    db_rst_inst/CLK
    SLICE_X2Y17          FDRE                                         r  db_rst_inst/counter_reg[19]/C

Slack:                    inf
  Source:                 btnL
                            (input port)
  Destination:            db_rst_inst/counter_reg[10]/R
                            (rising edge-triggered cell FDRE clocked by sys_clk  {rise@0.000ns fall@5.000ns period=10.000ns})
  Path Group:             (none)
  Path Type:              Setup (Max at Slow Process Corner)
  Data Path Delay:        3.935ns  (logic 1.575ns (40.028%)  route 2.360ns (59.972%))
  Logic Levels:           2  (IBUF=1 LUT3=1)
  Clock Path Skew:        4.854ns (DCD - SCD + CPR)
    Destination Clock Delay (DCD):    4.854ns
    Source Clock Delay      (SCD):    0.000ns
    Clock Pessimism Removal (CPR):    0.000ns
  Clock Uncertainty:      0.025ns  ((TSJ^2 + TIJ^2)^1/2 + DJ) / 2 + PE
    Total System Jitter     (TSJ):    0.050ns
    Total Input Jitter      (TIJ):    0.000ns
    Discrete Jitter          (DJ):    0.000ns
    Phase Error              (PE):    0.000ns

    Location             Delay type                Incr(ns)  Path(ns)    Netlist Resource(s)
  -------------------------------------------------------------------    -------------------
    W19                                               0.000     0.000 r  btnL (IN)
                         net (fo=0)                   0.000     0.000    btnL
    W19                  IBUF (Prop_ibuf_I_O)         1.451     1.451 r  btnL_IBUF_inst/O
                         net (fo=4, routed)           1.388     2.839    sp_rst/btnL_IBUF
    SLICE_X3Y17          LUT3 (Prop_lut3_I2_O)        0.124     2.963 r  sp_rst/counter[0]_i_1__0/O
                         net (fo=20, routed)          0.972     3.935    db_rst_inst/counter_reg[0]_0
    SLICE_X2Y15          FDRE                                         r  db_rst_inst/counter_reg[10]/R
  -------------------------------------------------------------------    -------------------

                         (clock sys_clk rise edge)    0.000     0.000 r  
    W5                                                0.000     0.000 r  clk (IN)
                         net (fo=0)                   0.000     0.000    clk
    W5                   IBUF (Prop_ibuf_I_O)         1.388     1.388 r  clk_IBUF_inst/O
                         net (fo=1, routed)           1.862     3.250    clk_IBUF
    BUFGCTRL_X0Y0        BUFG (Prop_bufg_I_O)         0.091     3.341 r  clk_IBUF_BUFG_inst/O
                         net (fo=112, routed)         1.513     4.854    db_rst_inst/CLK
    SLICE_X2Y15          FDRE                                         r  db_rst_inst/counter_reg[10]/C

Slack:                    inf
  Source:                 btnL
                            (input port)
  Destination:            db_rst_inst/counter_reg[11]/R
                            (rising edge-triggered cell FDRE clocked by sys_clk  {rise@0.000ns fall@5.000ns period=10.000ns})
  Path Group:             (none)
  Path Type:              Setup (Max at Slow Process Corner)
  Data Path Delay:        3.935ns  (logic 1.575ns (40.028%)  route 2.360ns (59.972%))
  Logic Levels:           2  (IBUF=1 LUT3=1)
  Clock Path Skew:        4.854ns (DCD - SCD + CPR)
    Destination Clock Delay (DCD):    4.854ns
    Source Clock Delay      (SCD):    0.000ns
    Clock Pessimism Removal (CPR):    0.000ns
  Clock Uncertainty:      0.025ns  ((TSJ^2 + TIJ^2)^1/2 + DJ) / 2 + PE
    Total System Jitter     (TSJ):    0.050ns
    Total Input Jitter      (TIJ):    0.000ns
    Discrete Jitter          (DJ):    0.000ns
    Phase Error              (PE):    0.000ns

    Location             Delay type                Incr(ns)  Path(ns)    Netlist Resource(s)
  -------------------------------------------------------------------    -------------------
    W19                                               0.000     0.000 r  btnL (IN)
                         net (fo=0)                   0.000     0.000    btnL
    W19                  IBUF (Prop_ibuf_I_O)         1.451     1.451 r  btnL_IBUF_inst/O
                         net (fo=4, routed)           1.388     2.839    sp_rst/btnL_IBUF
    SLICE_X3Y17          LUT3 (Prop_lut3_I2_O)        0.124     2.963 r  sp_rst/counter[0]_i_1__0/O
                         net (fo=20, routed)          0.972     3.935    db_rst_inst/counter_reg[0]_0
    SLICE_X2Y15          FDRE                                         r  db_rst_inst/counter_reg[11]/R
  -------------------------------------------------------------------    -------------------

                         (clock sys_clk rise edge)    0.000     0.000 r  
    W5                                                0.000     0.000 r  clk (IN)
                         net (fo=0)                   0.000     0.000    clk
    W5                   IBUF (Prop_ibuf_I_O)         1.388     1.388 r  clk_IBUF_inst/O
                         net (fo=1, routed)           1.862     3.250    clk_IBUF
    BUFGCTRL_X0Y0        BUFG (Prop_bufg_I_O)         0.091     3.341 r  clk_IBUF_BUFG_inst/O
                         net (fo=112, routed)         1.513     4.854    db_rst_inst/CLK
    SLICE_X2Y15          FDRE                                         r  db_rst_inst/counter_reg[11]/C

Slack:                    inf
  Source:                 btnL
                            (input port)
  Destination:            db_rst_inst/counter_reg[8]/R
                            (rising edge-triggered cell FDRE clocked by sys_clk  {rise@0.000ns fall@5.000ns period=10.000ns})
  Path Group:             (none)
  Path Type:              Setup (Max at Slow Process Corner)
  Data Path Delay:        3.935ns  (logic 1.575ns (40.028%)  route 2.360ns (59.972%))
  Logic Levels:           2  (IBUF=1 LUT3=1)
  Clock Path Skew:        4.854ns (DCD - SCD + CPR)
    Destination Clock Delay (DCD):    4.854ns
    Source Clock Delay      (SCD):    0.000ns
    Clock Pessimism Removal (CPR):    0.000ns
  Clock Uncertainty:      0.025ns  ((TSJ^2 + TIJ^2)^1/2 + DJ) / 2 + PE
    Total System Jitter     (TSJ):    0.050ns
    Total Input Jitter      (TIJ):    0.000ns
    Discrete Jitter          (DJ):    0.000ns
    Phase Error              (PE):    0.000ns

    Location             Delay type                Incr(ns)  Path(ns)    Netlist Resource(s)
  -------------------------------------------------------------------    -------------------
    W19                                               0.000     0.000 r  btnL (IN)
                         net (fo=0)                   0.000     0.000    btnL
    W19                  IBUF (Prop_ibuf_I_O)         1.451     1.451 r  btnL_IBUF_inst/O
                         net (fo=4, routed)           1.388     2.839    sp_rst/btnL_IBUF
    SLICE_X3Y17          LUT3 (Prop_lut3_I2_O)        0.124     2.963 r  sp_rst/counter[0]_i_1__0/O
                         net (fo=20, routed)          0.972     3.935    db_rst_inst/counter_reg[0]_0
    SLICE_X2Y15          FDRE                                         r  db_rst_inst/counter_reg[8]/R
  -------------------------------------------------------------------    -------------------

                         (clock sys_clk rise edge)    0.000     0.000 r  
    W5                                                0.000     0.000 r  clk (IN)
                         net (fo=0)                   0.000     0.000    clk
    W5                   IBUF (Prop_ibuf_I_O)         1.388     1.388 r  clk_IBUF_inst/O
                         net (fo=1, routed)           1.862     3.250    clk_IBUF
    BUFGCTRL_X0Y0        BUFG (Prop_bufg_I_O)         0.091     3.341 r  clk_IBUF_BUFG_inst/O
                         net (fo=112, routed)         1.513     4.854    db_rst_inst/CLK
    SLICE_X2Y15          FDRE                                         r  db_rst_inst/counter_reg[8]/C

Slack:                    inf
  Source:                 btnL
                            (input port)
  Destination:            db_rst_inst/counter_reg[9]/R
                            (rising edge-triggered cell FDRE clocked by sys_clk  {rise@0.000ns fall@5.000ns period=10.000ns})
  Path Group:             (none)
  Path Type:              Setup (Max at Slow Process Corner)
  Data Path Delay:        3.935ns  (logic 1.575ns (40.028%)  route 2.360ns (59.972%))
  Logic Levels:           2  (IBUF=1 LUT3=1)
  Clock Path Skew:        4.854ns (DCD - SCD + CPR)
    Destination Clock Delay (DCD):    4.854ns
    Source Clock Delay      (SCD):    0.000ns
    Clock Pessimism Removal (CPR):    0.000ns
  Clock Uncertainty:      0.025ns  ((TSJ^2 + TIJ^2)^1/2 + DJ) / 2 + PE
    Total System Jitter     (TSJ):    0.050ns
    Total Input Jitter      (TIJ):    0.000ns
    Discrete Jitter          (DJ):    0.000ns
    Phase Error              (PE):    0.000ns

    Location             Delay type                Incr(ns)  Path(ns)    Netlist Resource(s)
  -------------------------------------------------------------------    -------------------
    W19                                               0.000     0.000 r  btnL (IN)
                         net (fo=0)                   0.000     0.000    btnL
    W19                  IBUF (Prop_ibuf_I_O)         1.451     1.451 r  btnL_IBUF_inst/O
                         net (fo=4, routed)           1.388     2.839    sp_rst/btnL_IBUF
    SLICE_X3Y17          LUT3 (Prop_lut3_I2_O)        0.124     2.963 r  sp_rst/counter[0]_i_1__0/O
                         net (fo=20, routed)          0.972     3.935    db_rst_inst/counter_reg[0]_0
    SLICE_X2Y15          FDRE                                         r  db_rst_inst/counter_reg[9]/R
  -------------------------------------------------------------------    -------------------

                         (clock sys_clk rise edge)    0.000     0.000 r  
    W5                                                0.000     0.000 r  clk (IN)
                         net (fo=0)                   0.000     0.000    clk
    W5                   IBUF (Prop_ibuf_I_O)         1.388     1.388 r  clk_IBUF_inst/O
                         net (fo=1, routed)           1.862     3.250    clk_IBUF
    BUFGCTRL_X0Y0        BUFG (Prop_bufg_I_O)         0.091     3.341 r  clk_IBUF_BUFG_inst/O
                         net (fo=112, routed)         1.513     4.854    db_rst_inst/CLK
    SLICE_X2Y15          FDRE                                         r  db_rst_inst/counter_reg[9]/C

Slack:                    inf
  Source:                 btnL
                            (input port)
  Destination:            db_rst_inst/counter_reg[0]/R
                            (rising edge-triggered cell FDRE clocked by sys_clk  {rise@0.000ns fall@5.000ns period=10.000ns})
  Path Group:             (none)
  Path Type:              Setup (Max at Slow Process Corner)
  Data Path Delay:        3.764ns  (logic 1.575ns (41.847%)  route 2.189ns (58.153%))
  Logic Levels:           2  (IBUF=1 LUT3=1)
  Clock Path Skew:        4.855ns (DCD - SCD + CPR)
    Destination Clock Delay (DCD):    4.855ns
    Source Clock Delay      (SCD):    0.000ns
    Clock Pessimism Removal (CPR):    0.000ns
  Clock Uncertainty:      0.025ns  ((TSJ^2 + TIJ^2)^1/2 + DJ) / 2 + PE
    Total System Jitter     (TSJ):    0.050ns
    Total Input Jitter      (TIJ):    0.000ns
    Discrete Jitter          (DJ):    0.000ns
    Phase Error              (PE):    0.000ns

    Location             Delay type                Incr(ns)  Path(ns)    Netlist Resource(s)
  -------------------------------------------------------------------    -------------------
    W19                                               0.000     0.000 r  btnL (IN)
                         net (fo=0)                   0.000     0.000    btnL
    W19                  IBUF (Prop_ibuf_I_O)         1.451     1.451 r  btnL_IBUF_inst/O
                         net (fo=4, routed)           1.388     2.839    sp_rst/btnL_IBUF
    SLICE_X3Y17          LUT3 (Prop_lut3_I2_O)        0.124     2.963 r  sp_rst/counter[0]_i_1__0/O
                         net (fo=20, routed)          0.801     3.764    db_rst_inst/counter_reg[0]_0
    SLICE_X2Y13          FDRE                                         r  db_rst_inst/counter_reg[0]/R
  -------------------------------------------------------------------    -------------------

                         (clock sys_clk rise edge)    0.000     0.000 r  
    W5                                                0.000     0.000 r  clk (IN)
                         net (fo=0)                   0.000     0.000    clk
    W5                   IBUF (Prop_ibuf_I_O)         1.388     1.388 r  clk_IBUF_inst/O
                         net (fo=1, routed)           1.862     3.250    clk_IBUF
    BUFGCTRL_X0Y0        BUFG (Prop_bufg_I_O)         0.091     3.341 r  clk_IBUF_BUFG_inst/O
                         net (fo=112, routed)         1.514     4.855    db_rst_inst/CLK
    SLICE_X2Y13          FDRE                                         r  db_rst_inst/counter_reg[0]/C

Slack:                    inf
  Source:                 btnL
                            (input port)
  Destination:            db_rst_inst/counter_reg[1]/R
                            (rising edge-triggered cell FDRE clocked by sys_clk  {rise@0.000ns fall@5.000ns period=10.000ns})
  Path Group:             (none)
  Path Type:              Setup (Max at Slow Process Corner)
  Data Path Delay:        3.764ns  (logic 1.575ns (41.847%)  route 2.189ns (58.153%))
  Logic Levels:           2  (IBUF=1 LUT3=1)
  Clock Path Skew:        4.855ns (DCD - SCD + CPR)
    Destination Clock Delay (DCD):    4.855ns
    Source Clock Delay      (SCD):    0.000ns
    Clock Pessimism Removal (CPR):    0.000ns
  Clock Uncertainty:      0.025ns  ((TSJ^2 + TIJ^2)^1/2 + DJ) / 2 + PE
    Total System Jitter     (TSJ):    0.050ns
    Total Input Jitter      (TIJ):    0.000ns
    Discrete Jitter          (DJ):    0.000ns
    Phase Error              (PE):    0.000ns

    Location             Delay type                Incr(ns)  Path(ns)    Netlist Resource(s)
  -------------------------------------------------------------------    -------------------
    W19                                               0.000     0.000 r  btnL (IN)
                         net (fo=0)                   0.000     0.000    btnL
    W19                  IBUF (Prop_ibuf_I_O)         1.451     1.451 r  btnL_IBUF_inst/O
                         net (fo=4, routed)           1.388     2.839    sp_rst/btnL_IBUF
    SLICE_X3Y17          LUT3 (Prop_lut3_I2_O)        0.124     2.963 r  sp_rst/counter[0]_i_1__0/O
                         net (fo=20, routed)          0.801     3.764    db_rst_inst/counter_reg[0]_0
    SLICE_X2Y13          FDRE                                         r  db_rst_inst/counter_reg[1]/R
  -------------------------------------------------------------------    -------------------

                         (clock sys_clk rise edge)    0.000     0.000 r  
    W5                                                0.000     0.000 r  clk (IN)
                         net (fo=0)                   0.000     0.000    clk
    W5                   IBUF (Prop_ibuf_I_O)         1.388     1.388 r  clk_IBUF_inst/O
                         net (fo=1, routed)           1.862     3.250    clk_IBUF
    BUFGCTRL_X0Y0        BUFG (Prop_bufg_I_O)         0.091     3.341 r  clk_IBUF_BUFG_inst/O
                         net (fo=112, routed)         1.514     4.855    db_rst_inst/CLK
    SLICE_X2Y13          FDRE                                         r  db_rst_inst/counter_reg[1]/C





Min Delay Paths
--------------------------------------------------------------------------------------
Slack:                    inf
  Source:                 btnR
                            (input port)
  Destination:            db_pop_inst/stable_val_reg/D
                            (rising edge-triggered cell FDRE clocked by sys_clk  {rise@0.000ns fall@5.000ns period=10.000ns})
  Path Group:             (none)
  Path Type:              Hold (Min at Fast Process Corner)
  Data Path Delay:        0.589ns  (logic 0.219ns (37.240%)  route 0.370ns (62.760%))
  Logic Levels:           1  (IBUF=1)
  Clock Path Skew:        1.985ns (DCD - SCD - CPR)
    Destination Clock Delay (DCD):    1.985ns
    Source Clock Delay      (SCD):    0.000ns
    Clock Pessimism Removal (CPR):    -0.000ns

    Location             Delay type                Incr(ns)  Path(ns)    Netlist Resource(s)
  -------------------------------------------------------------------    -------------------
    T17                                               0.000     0.000 r  btnR (IN)
                         net (fo=0)                   0.000     0.000    btnR
    T17                  IBUF (Prop_ibuf_I_O)         0.219     0.219 r  btnR_IBUF_inst/O
                         net (fo=4, routed)           0.370     0.589    db_pop_inst/btnR_IBUF
    SLICE_X3Y17          FDRE                                         r  db_pop_inst/stable_val_reg/D
  -------------------------------------------------------------------    -------------------

                         (clock sys_clk rise edge)    0.000     0.000 r  
    W5                                                0.000     0.000 r  clk (IN)
                         net (fo=0)                   0.000     0.000    clk
    W5                   IBUF (Prop_ibuf_I_O)         0.414     0.414 r  clk_IBUF_inst/O
                         net (fo=1, routed)           0.685     1.099    clk_IBUF
    BUFGCTRL_X0Y0        BUFG (Prop_bufg_I_O)         0.029     1.128 r  clk_IBUF_BUFG_inst/O
                         net (fo=112, routed)         0.858     1.985    db_pop_inst/CLK
    SLICE_X3Y17          FDRE                                         r  db_pop_inst/stable_val_reg/C

Slack:                    inf
  Source:                 btnC
                            (input port)
  Destination:            db_rst/stable_val_reg/D
                            (rising edge-triggered cell FDRE clocked by sys_clk  {rise@0.000ns fall@5.000ns period=10.000ns})
  Path Group:             (none)
  Path Type:              Hold (Min at Fast Process Corner)
  Data Path Delay:        0.590ns  (logic 0.210ns (35.483%)  route 0.381ns (64.517%))
  Logic Levels:           1  (IBUF=1)
  Clock Path Skew:        1.987ns (DCD - SCD - CPR)
    Destination Clock Delay (DCD):    1.987ns
    Source Clock Delay      (SCD):    0.000ns
    Clock Pessimism Removal (CPR):    -0.000ns

    Location             Delay type                Incr(ns)  Path(ns)    Netlist Resource(s)
  -------------------------------------------------------------------    -------------------
    U18                                               0.000     0.000 r  btnC (IN)
                         net (fo=0)                   0.000     0.000    btnC
    U18                  IBUF (Prop_ibuf_I_O)         0.210     0.210 r  btnC_IBUF_inst/O
                         net (fo=3, routed)           0.381     0.590    db_rst/btnC_IBUF
    SLICE_X4Y12          FDRE                                         r  db_rst/stable_val_reg/D
  -------------------------------------------------------------------    -------------------

                         (clock sys_clk rise edge)    0.000     0.000 r  
    W5                                                0.000     0.000 r  clk (IN)
                         net (fo=0)                   0.000     0.000    clk
    W5                   IBUF (Prop_ibuf_I_O)         0.414     0.414 r  clk_IBUF_inst/O
                         net (fo=1, routed)           0.685     1.099    clk_IBUF
    BUFGCTRL_X0Y0        BUFG (Prop_bufg_I_O)         0.029     1.128 r  clk_IBUF_BUFG_inst/O
                         net (fo=112, routed)         0.860     1.987    db_rst/CLK
    SLICE_X4Y12          FDRE                                         r  db_rst/stable_val_reg/C

Slack:                    inf
  Source:                 btnL
                            (input port)
  Destination:            db_rst_inst/stable_val_reg/D
                            (rising edge-triggered cell FDRE clocked by sys_clk  {rise@0.000ns fall@5.000ns period=10.000ns})
  Path Group:             (none)
  Path Type:              Hold (Min at Fast Process Corner)
  Data Path Delay:        0.624ns  (logic 0.219ns (35.137%)  route 0.405ns (64.863%))
  Logic Levels:           1  (IBUF=1)
  Clock Path Skew:        1.987ns (DCD - SCD - CPR)
    Destination Clock Delay (DCD):    1.987ns
    Source Clock Delay      (SCD):    0.000ns
    Clock Pessimism Removal (CPR):    -0.000ns

    Location             Delay type                Incr(ns)  Path(ns)    Netlist Resource(s)
  -------------------------------------------------------------------    -------------------
    W19                                               0.000     0.000 r  btnL (IN)
                         net (fo=0)                   0.000     0.000    btnL
    W19                  IBUF (Prop_ibuf_I_O)         0.219     0.219 r  btnL_IBUF_inst/O
                         net (fo=4, routed)           0.405     0.624    db_rst_inst/btnL_IBUF
    SLICE_X3Y15          FDRE                                         r  db_rst_inst/stable_val_reg/D
  -------------------------------------------------------------------    -------------------

                         (clock sys_clk rise edge)    0.000     0.000 r  
    W5                                                0.000     0.000 r  clk (IN)
                         net (fo=0)                   0.000     0.000    clk
    W5                   IBUF (Prop_ibuf_I_O)         0.414     0.414 r  clk_IBUF_inst/O
                         net (fo=1, routed)           0.685     1.099    clk_IBUF
    BUFGCTRL_X0Y0        BUFG (Prop_bufg_I_O)         0.029     1.128 r  clk_IBUF_BUFG_inst/O
                         net (fo=112, routed)         0.860     1.987    db_rst_inst/CLK
    SLICE_X3Y15          FDRE                                         r  db_rst_inst/stable_val_reg/C

Slack:                    inf
  Source:                 btnC
                            (input port)
  Destination:            db_rst/data_out_reg/D
                            (rising edge-triggered cell FDRE clocked by sys_clk  {rise@0.000ns fall@5.000ns period=10.000ns})
  Path Group:             (none)
  Path Type:              Hold (Min at Fast Process Corner)
  Data Path Delay:        0.646ns  (logic 0.255ns (39.401%)  route 0.391ns (60.599%))
  Logic Levels:           2  (IBUF=1 LUT4=1)
  Clock Path Skew:        1.986ns (DCD - SCD - CPR)
    Destination Clock Delay (DCD):    1.986ns
    Source Clock Delay      (SCD):    0.000ns
    Clock Pessimism Removal (CPR):    -0.000ns

    Location             Delay type                Incr(ns)  Path(ns)    Netlist Resource(s)
  -------------------------------------------------------------------    -------------------
    U18                                               0.000     0.000 r  btnC (IN)
                         net (fo=0)                   0.000     0.000    btnC
    U18                  IBUF (Prop_ibuf_I_O)         0.210     0.210 r  btnC_IBUF_inst/O
                         net (fo=3, routed)           0.391     0.601    db_rst/btnC_IBUF
    SLICE_X4Y13          LUT4 (Prop_lut4_I2_O)        0.045     0.646 r  db_rst/data_out_i_1/O
                         net (fo=1, routed)           0.000     0.646    db_rst/data_out_i_1_n_0
    SLICE_X4Y13          FDRE                                         r  db_rst/data_out_reg/D
  -------------------------------------------------------------------    -------------------

                         (clock sys_clk rise edge)    0.000     0.000 r  
    W5                                                0.000     0.000 r  clk (IN)
                         net (fo=0)                   0.000     0.000    clk
    W5                   IBUF (Prop_ibuf_I_O)         0.414     0.414 r  clk_IBUF_inst/O
                         net (fo=1, routed)           0.685     1.099    clk_IBUF
    BUFGCTRL_X0Y0        BUFG (Prop_bufg_I_O)         0.029     1.128 r  clk_IBUF_BUFG_inst/O
                         net (fo=112, routed)         0.859     1.986    db_rst/CLK
    SLICE_X4Y13          FDRE                                         r  db_rst/data_out_reg/C

Slack:                    inf
  Source:                 sw[2]
                            (input port)
  Destination:            my_fifo/my_bram/U0/inst_blk_mem_gen/gnbram.gnativebmg.native_blk_mem_gen/valid.cstr/ramloop[0].ram.r/prim_noinit.ram/DEVICE_7SERIES.NO_BMM_INFO.SDP.WIDE_PRIM18.ram/DIADI[8]
                            (rising edge-triggered cell RAMB18E1 clocked by sys_clk  {rise@0.000ns fall@5.000ns period=10.000ns})
  Path Group:             (none)
  Path Type:              Hold (Min at Fast Process Corner)
  Data Path Delay:        0.766ns  (logic 0.232ns (30.281%)  route 0.534ns (69.719%))
  Logic Levels:           1  (IBUF=1)
  Clock Path Skew:        1.999ns (DCD - SCD - CPR)
    Destination Clock Delay (DCD):    1.999ns
    Source Clock Delay      (SCD):    0.000ns
    Clock Pessimism Removal (CPR):    -0.000ns

    Location             Delay type                Incr(ns)  Path(ns)    Netlist Resource(s)
  -------------------------------------------------------------------    -------------------
    W16                                               0.000     0.000 r  sw[2] (IN)
                         net (fo=0)                   0.000     0.000    sw[2]
    W16                  IBUF (Prop_ibuf_I_O)         0.232     0.232 r  sw_IBUF[2]_inst/O
                         net (fo=1, routed)           0.534     0.766    my_fifo/my_bram/U0/inst_blk_mem_gen/gnbram.gnativebmg.native_blk_mem_gen/valid.cstr/ramloop[0].ram.r/prim_noinit.ram/dina[2]
    RAMB18_X0Y6          RAMB18E1                                     r  my_fifo/my_bram/U0/inst_blk_mem_gen/gnbram.gnativebmg.native_blk_mem_gen/valid.cstr/ramloop[0].ram.r/prim_noinit.ram/DEVICE_7SERIES.NO_BMM_INFO.SDP.WIDE_PRIM18.ram/DIADI[8]
  -------------------------------------------------------------------    -------------------

                         (clock sys_clk rise edge)    0.000     0.000 r  
    W5                                                0.000     0.000 r  clk (IN)
                         net (fo=0)                   0.000     0.000    clk
    W5                   IBUF (Prop_ibuf_I_O)         0.414     0.414 r  clk_IBUF_inst/O
                         net (fo=1, routed)           0.685     1.099    clk_IBUF
    BUFGCTRL_X0Y0        BUFG (Prop_bufg_I_O)         0.029     1.128 r  clk_IBUF_BUFG_inst/O
                         net (fo=112, routed)         0.871     1.999    my_fifo/my_bram/U0/inst_blk_mem_gen/gnbram.gnativebmg.native_blk_mem_gen/valid.cstr/ramloop[0].ram.r/prim_noinit.ram/clka
    RAMB18_X0Y6          RAMB18E1                                     r  my_fifo/my_bram/U0/inst_blk_mem_gen/gnbram.gnativebmg.native_blk_mem_gen/valid.cstr/ramloop[0].ram.r/prim_noinit.ram/DEVICE_7SERIES.NO_BMM_INFO.SDP.WIDE_PRIM18.ram/CLKBWRCLK

Slack:                    inf
  Source:                 sw[0]
                            (input port)
  Destination:            my_fifo/my_bram/U0/inst_blk_mem_gen/gnbram.gnativebmg.native_blk_mem_gen/valid.cstr/ramloop[0].ram.r/prim_noinit.ram/DEVICE_7SERIES.NO_BMM_INFO.SDP.WIDE_PRIM18.ram/DIADI[0]
                            (rising edge-triggered cell RAMB18E1 clocked by sys_clk  {rise@0.000ns fall@5.000ns period=10.000ns})
  Path Group:             (none)
  Path Type:              Hold (Min at Fast Process Corner)
  Data Path Delay:        0.779ns  (logic 0.221ns (28.352%)  route 0.558ns (71.648%))
  Logic Levels:           1  (IBUF=1)
  Clock Path Skew:        1.999ns (DCD - SCD - CPR)
    Destination Clock Delay (DCD):    1.999ns
    Source Clock Delay      (SCD):    0.000ns
    Clock Pessimism Removal (CPR):    -0.000ns

    Location             Delay type                Incr(ns)  Path(ns)    Netlist Resource(s)
  -------------------------------------------------------------------    -------------------
    V17                                               0.000     0.000 r  sw[0] (IN)
                         net (fo=0)                   0.000     0.000    sw[0]
    V17                  IBUF (Prop_ibuf_I_O)         0.221     0.221 r  sw_IBUF[0]_inst/O
                         net (fo=1, routed)           0.558     0.779    my_fifo/my_bram/U0/inst_blk_mem_gen/gnbram.gnativebmg.native_blk_mem_gen/valid.cstr/ramloop[0].ram.r/prim_noinit.ram/dina[0]
    RAMB18_X0Y6          RAMB18E1                                     r  my_fifo/my_bram/U0/inst_blk_mem_gen/gnbram.gnativebmg.native_blk_mem_gen/valid.cstr/ramloop[0].ram.r/prim_noinit.ram/DEVICE_7SERIES.NO_BMM_INFO.SDP.WIDE_PRIM18.ram/DIADI[0]
  -------------------------------------------------------------------    -------------------

                         (clock sys_clk rise edge)    0.000     0.000 r  
    W5                                                0.000     0.000 r  clk (IN)
                         net (fo=0)                   0.000     0.000    clk
    W5                   IBUF (Prop_ibuf_I_O)         0.414     0.414 r  clk_IBUF_inst/O
                         net (fo=1, routed)           0.685     1.099    clk_IBUF
    BUFGCTRL_X0Y0        BUFG (Prop_bufg_I_O)         0.029     1.128 r  clk_IBUF_BUFG_inst/O
                         net (fo=112, routed)         0.871     1.999    my_fifo/my_bram/U0/inst_blk_mem_gen/gnbram.gnativebmg.native_blk_mem_gen/valid.cstr/ramloop[0].ram.r/prim_noinit.ram/clka
    RAMB18_X0Y6          RAMB18E1                                     r  my_fifo/my_bram/U0/inst_blk_mem_gen/gnbram.gnativebmg.native_blk_mem_gen/valid.cstr/ramloop[0].ram.r/prim_noinit.ram/DEVICE_7SERIES.NO_BMM_INFO.SDP.WIDE_PRIM18.ram/CLKBWRCLK

Slack:                    inf
  Source:                 btnC
                            (input port)
  Destination:            db_rst/stable_val_reg/CE
                            (rising edge-triggered cell FDRE clocked by sys_clk  {rise@0.000ns fall@5.000ns period=10.000ns})
  Path Group:             (none)
  Path Type:              Hold (Min at Fast Process Corner)
  Data Path Delay:        0.781ns  (logic 0.255ns (32.597%)  route 0.526ns (67.403%))
  Logic Levels:           2  (IBUF=1 LUT2=1)
  Clock Path Skew:        1.987ns (DCD - SCD - CPR)
    Destination Clock Delay (DCD):    1.987ns
    Source Clock Delay      (SCD):    0.000ns
    Clock Pessimism Removal (CPR):    -0.000ns

    Location             Delay type                Incr(ns)  Path(ns)    Netlist Resource(s)
  -------------------------------------------------------------------    -------------------
    U18                                               0.000     0.000 r  btnC (IN)
                         net (fo=0)                   0.000     0.000    btnC
    U18                  IBUF (Prop_ibuf_I_O)         0.210     0.210 r  btnC_IBUF_inst/O
                         net (fo=3, routed)           0.391     0.601    db_rst/btnC_IBUF
    SLICE_X4Y13          LUT2 (Prop_lut2_I0_O)        0.045     0.646 r  db_rst/counter[0]_i_1/O
                         net (fo=21, routed)          0.135     0.781    db_rst/counter[0]_i_1_n_0
    SLICE_X4Y12          FDRE                                         r  db_rst/stable_val_reg/CE
  -------------------------------------------------------------------    -------------------

                         (clock sys_clk rise edge)    0.000     0.000 r  
    W5                                                0.000     0.000 r  clk (IN)
                         net (fo=0)                   0.000     0.000    clk
    W5                   IBUF (Prop_ibuf_I_O)         0.414     0.414 r  clk_IBUF_inst/O
                         net (fo=1, routed)           0.685     1.099    clk_IBUF
    BUFGCTRL_X0Y0        BUFG (Prop_bufg_I_O)         0.029     1.128 r  clk_IBUF_BUFG_inst/O
                         net (fo=112, routed)         0.860     1.987    db_rst/CLK
    SLICE_X4Y12          FDRE                                         r  db_rst/stable_val_reg/C

Slack:                    inf
  Source:                 btnC
                            (input port)
  Destination:            db_rst/counter_reg[16]/R
                            (rising edge-triggered cell FDRE clocked by sys_clk  {rise@0.000ns fall@5.000ns period=10.000ns})
  Path Group:             (none)
  Path Type:              Hold (Min at Fast Process Corner)
  Data Path Delay:        0.786ns  (logic 0.255ns (32.368%)  route 0.532ns (67.632%))
  Logic Levels:           2  (IBUF=1 LUT2=1)
  Clock Path Skew:        1.986ns (DCD - SCD - CPR)
    Destination Clock Delay (DCD):    1.986ns
    Source Clock Delay      (SCD):    0.000ns
    Clock Pessimism Removal (CPR):    -0.000ns

    Location             Delay type                Incr(ns)  Path(ns)    Netlist Resource(s)
  -------------------------------------------------------------------    -------------------
    U18                                               0.000     0.000 r  btnC (IN)
                         net (fo=0)                   0.000     0.000    btnC
    U18                  IBUF (Prop_ibuf_I_O)         0.210     0.210 r  btnC_IBUF_inst/O
                         net (fo=3, routed)           0.391     0.601    db_rst/btnC_IBUF
    SLICE_X4Y13          LUT2 (Prop_lut2_I0_O)        0.045     0.646 r  db_rst/counter[0]_i_1/O
                         net (fo=21, routed)          0.141     0.786    db_rst/counter[0]_i_1_n_0
    SLICE_X5Y14          FDRE                                         r  db_rst/counter_reg[16]/R
  -------------------------------------------------------------------    -------------------

                         (clock sys_clk rise edge)    0.000     0.000 r  
    W5                                                0.000     0.000 r  clk (IN)
                         net (fo=0)                   0.000     0.000    clk
    W5                   IBUF (Prop_ibuf_I_O)         0.414     0.414 r  clk_IBUF_inst/O
                         net (fo=1, routed)           0.685     1.099    clk_IBUF
    BUFGCTRL_X0Y0        BUFG (Prop_bufg_I_O)         0.029     1.128 r  clk_IBUF_BUFG_inst/O
                         net (fo=112, routed)         0.859     1.986    db_rst/CLK
    SLICE_X5Y14          FDRE                                         r  db_rst/counter_reg[16]/C

Slack:                    inf
  Source:                 btnC
                            (input port)
  Destination:            db_rst/counter_reg[17]/R
                            (rising edge-triggered cell FDRE clocked by sys_clk  {rise@0.000ns fall@5.000ns period=10.000ns})
  Path Group:             (none)
  Path Type:              Hold (Min at Fast Process Corner)
  Data Path Delay:        0.786ns  (logic 0.255ns (32.368%)  route 0.532ns (67.632%))
  Logic Levels:           2  (IBUF=1 LUT2=1)
  Clock Path Skew:        1.986ns (DCD - SCD - CPR)
    Destination Clock Delay (DCD):    1.986ns
    Source Clock Delay      (SCD):    0.000ns
    Clock Pessimism Removal (CPR):    -0.000ns

    Location             Delay type                Incr(ns)  Path(ns)    Netlist Resource(s)
  -------------------------------------------------------------------    -------------------
    U18                                               0.000     0.000 r  btnC (IN)
                         net (fo=0)                   0.000     0.000    btnC
    U18                  IBUF (Prop_ibuf_I_O)         0.210     0.210 r  btnC_IBUF_inst/O
                         net (fo=3, routed)           0.391     0.601    db_rst/btnC_IBUF
    SLICE_X4Y13          LUT2 (Prop_lut2_I0_O)        0.045     0.646 r  db_rst/counter[0]_i_1/O
                         net (fo=21, routed)          0.141     0.786    db_rst/counter[0]_i_1_n_0
    SLICE_X5Y14          FDRE                                         r  db_rst/counter_reg[17]/R
  -------------------------------------------------------------------    -------------------

                         (clock sys_clk rise edge)    0.000     0.000 r  
    W5                                                0.000     0.000 r  clk (IN)
                         net (fo=0)                   0.000     0.000    clk
    W5                   IBUF (Prop_ibuf_I_O)         0.414     0.414 r  clk_IBUF_inst/O
                         net (fo=1, routed)           0.685     1.099    clk_IBUF
    BUFGCTRL_X0Y0        BUFG (Prop_bufg_I_O)         0.029     1.128 r  clk_IBUF_BUFG_inst/O
                         net (fo=112, routed)         0.859     1.986    db_rst/CLK
    SLICE_X5Y14          FDRE                                         r  db_rst/counter_reg[17]/C

Slack:                    inf
  Source:                 btnC
                            (input port)
  Destination:            db_rst/counter_reg[18]/R
                            (rising edge-triggered cell FDRE clocked by sys_clk  {rise@0.000ns fall@5.000ns period=10.000ns})
  Path Group:             (none)
  Path Type:              Hold (Min at Fast Process Corner)
  Data Path Delay:        0.786ns  (logic 0.255ns (32.368%)  route 0.532ns (67.632%))
  Logic Levels:           2  (IBUF=1 LUT2=1)
  Clock Path Skew:        1.986ns (DCD - SCD - CPR)
    Destination Clock Delay (DCD):    1.986ns
    Source Clock Delay      (SCD):    0.000ns
    Clock Pessimism Removal (CPR):    -0.000ns

    Location             Delay type                Incr(ns)  Path(ns)    Netlist Resource(s)
  -------------------------------------------------------------------    -------------------
    U18                                               0.000     0.000 r  btnC (IN)
                         net (fo=0)                   0.000     0.000    btnC
    U18                  IBUF (Prop_ibuf_I_O)         0.210     0.210 r  btnC_IBUF_inst/O
                         net (fo=3, routed)           0.391     0.601    db_rst/btnC_IBUF
    SLICE_X4Y13          LUT2 (Prop_lut2_I0_O)        0.045     0.646 r  db_rst/counter[0]_i_1/O
                         net (fo=21, routed)          0.141     0.786    db_rst/counter[0]_i_1_n_0
    SLICE_X5Y14          FDRE                                         r  db_rst/counter_reg[18]/R
  -------------------------------------------------------------------    -------------------

                         (clock sys_clk rise edge)    0.000     0.000 r  
    W5                                                0.000     0.000 r  clk (IN)
                         net (fo=0)                   0.000     0.000    clk
    W5                   IBUF (Prop_ibuf_I_O)         0.414     0.414 r  clk_IBUF_inst/O
                         net (fo=1, routed)           0.685     1.099    clk_IBUF
    BUFGCTRL_X0Y0        BUFG (Prop_bufg_I_O)         0.029     1.128 r  clk_IBUF_BUFG_inst/O
                         net (fo=112, routed)         0.859     1.986    db_rst/CLK
    SLICE_X5Y14          FDRE                                         r  db_rst/counter_reg[18]/C





