Copyright 1986-2022 Xilinx, Inc. All Rights Reserved. Copyright 2022-2025 Advanced Micro Devices, Inc. All Rights Reserved.
------------------------------------------------------------------------------------------------------------------------------------------------------------------------------------------------------------------------------------------
| Tool Version : Vivado v.2025.2 (win64) Build 6299465 Fri Nov 14 19:35:11 GMT 2025
| Date         : Tue Jan 20 23:45:21 2026
| Host         : Tul-NB running 64-bit major release  (build 9200)
| Command      : report_timing_summary -max_paths 10 -routable_nets -report_unconstrained -file top_module_timing_summary_routed.rpt -pb top_module_timing_summary_routed.pb -rpx top_module_timing_summary_routed.rpx -warn_on_violation
| Design       : top_module
| Device       : 7a35t-cpg236
| Speed File   : -1  PRODUCTION 1.23 2018-06-13
| Design State : Routed
------------------------------------------------------------------------------------------------------------------------------------------------------------------------------------------------------------------------------------------

Timing Summary Report

------------------------------------------------------------------------------------------------
| Timer Settings
| --------------
------------------------------------------------------------------------------------------------

  Enable Multi Corner Analysis               :  Yes
  Enable Pessimism Removal                   :  Yes
  Pessimism Removal Resolution               :  Nearest Common Node
  Enable Input Delay Default Clock           :  No
  Enable Preset / Clear Arcs                 :  No
  Disable Flight Delays                      :  No
  Ignore I/O Paths                           :  No
  Timing Early Launch at Borrowing Latches   :  No
  Borrow Time for Max Delay Exceptions       :  Yes
  Merge Timing Exceptions                    :  Yes
  Inter-SLR Compensation                     :  Conservative

  Corner  Analyze    Analyze    
  Name    Max Paths  Min Paths  
  ------  ---------  ---------  
  Slow    Yes        Yes        
  Fast    Yes        Yes        


------------------------------------------------------------------------------------------------
| Report Methodology
| ------------------
------------------------------------------------------------------------------------------------

Rule       Severity  Description                    Violations  
---------  --------  -----------------------------  ----------  
TIMING-18  Warning   Missing input or output delay  12          

Note: This report is based on the most recent report_methodology run and may not be up-to-date. Run report_methodology on the current design for the latest report.



check_timing report

Table of Contents
-----------------
1. checking no_clock (0)
2. checking constant_clock (0)
3. checking pulse_width_clock (0)
4. checking unconstrained_internal_endpoints (0)
5. checking no_input_delay (1)
6. checking no_output_delay (11)
7. checking multiple_clock (0)
8. checking generated_clocks (0)
9. checking loops (0)
10. checking partial_input_delay (0)
11. checking partial_output_delay (0)
12. checking latch_loops (0)

1. checking no_clock (0)
------------------------
 There are 0 register/latch pins with no clock.


2. checking constant_clock (0)
------------------------------
 There are 0 register/latch pins with constant_clock.


3. checking pulse_width_clock (0)
---------------------------------
 There are 0 register/latch pins which need pulse_width check


4. checking unconstrained_internal_endpoints (0)
------------------------------------------------
 There are 0 pins that are not constrained for maximum delay.

 There are 0 pins that are not constrained for maximum delay due to constant clock.


5. checking no_input_delay (1)
------------------------------
 There is 1 input port with no input delay specified. (HIGH)

 There are 0 input ports with no input delay but user has a false path constraint.


6. checking no_output_delay (11)
--------------------------------
 There are 11 ports with no output delay specified. (HIGH)

 There are 0 ports with no output delay but user has a false path constraint

 There are 0 ports with no output delay but with a timing clock defined on it or propagating through it


7. checking multiple_clock (0)
------------------------------
 There are 0 register/latch pins with multiple clocks.


8. checking generated_clocks (0)
--------------------------------
 There are 0 generated clocks that are not connected to a clock source.


9. checking loops (0)
---------------------
 There are 0 combinational loops in the design.


10. checking partial_input_delay (0)
------------------------------------
 There are 0 input ports with partial input delay specified.


11. checking partial_output_delay (0)
-------------------------------------
 There are 0 ports with partial output delay specified.


12. checking latch_loops (0)
----------------------------
 There are 0 combinational latch loops in the design through latch input



------------------------------------------------------------------------------------------------
| Design Timing Summary
| ---------------------
------------------------------------------------------------------------------------------------

    WNS(ns)      TNS(ns)  TNS Failing Endpoints  TNS Total Endpoints      WHS(ns)      THS(ns)  THS Failing Endpoints  THS Total Endpoints     WPWS(ns)     TPWS(ns)  TPWS Failing Endpoints  TPWS Total Endpoints  
    -------      -------  ---------------------  -------------------      -------      -------  ---------------------  -------------------     --------     --------  ----------------------  --------------------  
      7.431        0.000                      0                   20        0.324        0.000                      0                   20        4.500        0.000                       0                    21  


All user specified timing constraints are met.


------------------------------------------------------------------------------------------------
| Clock Summary
| -------------
------------------------------------------------------------------------------------------------

Clock  Waveform(ns)       Period(ns)      Frequency(MHz)
-----  ------------       ----------      --------------
Clk    {0.000 5.000}      10.000          100.000         


------------------------------------------------------------------------------------------------
| Intra Clock Table
| -----------------
------------------------------------------------------------------------------------------------

Clock             WNS(ns)      TNS(ns)  TNS Failing Endpoints  TNS Total Endpoints      WHS(ns)      THS(ns)  THS Failing Endpoints  THS Total Endpoints     WPWS(ns)     TPWS(ns)  TPWS Failing Endpoints  TPWS Total Endpoints  
-----             -------      -------  ---------------------  -------------------      -------      -------  ---------------------  -------------------     --------     --------  ----------------------  --------------------  
Clk                 7.431        0.000                      0                   20        0.324        0.000                      0                   20        4.500        0.000                       0                    21  


------------------------------------------------------------------------------------------------
| Inter Clock Table
| -----------------
------------------------------------------------------------------------------------------------

From Clock    To Clock          WNS(ns)      TNS(ns)  TNS Failing Endpoints  TNS Total Endpoints      WHS(ns)      THS(ns)  THS Failing Endpoints  THS Total Endpoints  
----------    --------          -------      -------  ---------------------  -------------------      -------      -------  ---------------------  -------------------  


------------------------------------------------------------------------------------------------
| Other Path Groups Table
| -----------------------
------------------------------------------------------------------------------------------------

Path Group    From Clock    To Clock          WNS(ns)      TNS(ns)  TNS Failing Endpoints  TNS Total Endpoints      WHS(ns)      THS(ns)  THS Failing Endpoints  THS Total Endpoints  
----------    ----------    --------          -------      -------  ---------------------  -------------------      -------      -------  ---------------------  -------------------  


------------------------------------------------------------------------------------------------
| User Ignored Path Table
| -----------------------
------------------------------------------------------------------------------------------------

Path Group    From Clock    To Clock    
----------    ----------    --------    


------------------------------------------------------------------------------------------------
| Unconstrained Path Table
| ------------------------
------------------------------------------------------------------------------------------------

Path Group    From Clock    To Clock    
----------    ----------    --------    
(none)                                    
(none)        Clk                         
(none)                      Clk           


------------------------------------------------------------------------------------------------
| Timing Details
| --------------
------------------------------------------------------------------------------------------------


---------------------------------------------------------------------------------------------------
From Clock:  Clk
  To Clock:  Clk

Setup :            0  Failing Endpoints,  Worst Slack        7.431ns,  Total Violation        0.000ns
Hold  :            0  Failing Endpoints,  Worst Slack        0.324ns,  Total Violation        0.000ns
PW    :            0  Failing Endpoints,  Worst Slack        4.500ns,  Total Violation        0.000ns
---------------------------------------------------------------------------------------------------


Max Delay Paths
--------------------------------------------------------------------------------------
Slack (MET) :             7.431ns  (required time - arrival time)
  Source:                 refresh_counter_reg[1]/C
                            (rising edge-triggered cell FDRE clocked by Clk  {rise@0.000ns fall@5.000ns period=10.000ns})
  Destination:            refresh_counter_reg[17]/D
                            (rising edge-triggered cell FDRE clocked by Clk  {rise@0.000ns fall@5.000ns period=10.000ns})
  Path Group:             Clk
  Path Type:              Setup (Max at Slow Process Corner)
  Requirement:            10.000ns  (Clk rise@10.000ns - Clk rise@0.000ns)
  Data Path Delay:        2.568ns  (logic 1.806ns (70.331%)  route 0.762ns (29.669%))
  Logic Levels:           5  (CARRY4=5)
  Clock Path Skew:        -0.028ns (DCD - SCD + CPR)
    Destination Clock Delay (DCD):    4.846ns = ( 14.846 - 10.000 ) 
    Source Clock Delay      (SCD):    5.148ns
    Clock Pessimism Removal (CPR):    0.274ns
  Clock Uncertainty:      0.035ns  ((TSJ^2 + TIJ^2)^1/2 + DJ) / 2 + PE
    Total System Jitter     (TSJ):    0.071ns
    Total Input Jitter      (TIJ):    0.000ns
    Discrete Jitter          (DJ):    0.000ns
    Phase Error              (PE):    0.000ns

    Location             Delay type                Incr(ns)  Path(ns)    Netlist Resource(s)
  -------------------------------------------------------------------    -------------------
                         (clock Clk rise edge)        0.000     0.000 r  
    W5                                                0.000     0.000 r  Clk (IN)
                         net (fo=0)                   0.000     0.000    Clk
    W5                   IBUF (Prop_ibuf_I_O)         1.458     1.458 r  Clk_IBUF_inst/O
                         net (fo=1, routed)           1.967     3.425    Clk_IBUF
    BUFGCTRL_X0Y0        BUFG (Prop_bufg_I_O)         0.096     3.521 r  Clk_IBUF_BUFG_inst/O
                         net (fo=20, routed)          1.627     5.148    Clk_IBUF_BUFG
    SLICE_X0Y18          FDRE                                         r  refresh_counter_reg[1]/C
  -------------------------------------------------------------------    -------------------
    SLICE_X0Y18          FDRE (Prop_fdre_C_Q)         0.456     5.604 r  refresh_counter_reg[1]/Q
                         net (fo=1, routed)           0.762     6.366    refresh_counter_reg_n_0_[1]
    SLICE_X0Y18          CARRY4 (Prop_carry4_S[1]_CO[3])
                                                      0.674     7.040 r  refresh_counter_reg[0]_i_1/CO[3]
                         net (fo=1, routed)           0.000     7.040    refresh_counter_reg[0]_i_1_n_0
    SLICE_X0Y19          CARRY4 (Prop_carry4_CI_CO[3])
                                                      0.114     7.154 r  refresh_counter_reg[4]_i_1/CO[3]
                         net (fo=1, routed)           0.000     7.154    refresh_counter_reg[4]_i_1_n_0
    SLICE_X0Y20          CARRY4 (Prop_carry4_CI_CO[3])
                                                      0.114     7.268 r  refresh_counter_reg[8]_i_1/CO[3]
                         net (fo=1, routed)           0.000     7.268    refresh_counter_reg[8]_i_1_n_0
    SLICE_X0Y21          CARRY4 (Prop_carry4_CI_CO[3])
                                                      0.114     7.382 r  refresh_counter_reg[12]_i_1/CO[3]
                         net (fo=1, routed)           0.000     7.382    refresh_counter_reg[12]_i_1_n_0
    SLICE_X0Y22          CARRY4 (Prop_carry4_CI_O[1])
                                                      0.334     7.716 r  refresh_counter_reg[16]_i_1/O[1]
                         net (fo=1, routed)           0.000     7.716    refresh_counter_reg[16]_i_1_n_6
    SLICE_X0Y22          FDRE                                         r  refresh_counter_reg[17]/D
  -------------------------------------------------------------------    -------------------

                         (clock Clk rise edge)       10.000    10.000 r  
    W5                                                0.000    10.000 r  Clk (IN)
                         net (fo=0)                   0.000    10.000    Clk
    W5                   IBUF (Prop_ibuf_I_O)         1.388    11.388 r  Clk_IBUF_inst/O
                         net (fo=1, routed)           1.862    13.250    Clk_IBUF
    BUFGCTRL_X0Y0        BUFG (Prop_bufg_I_O)         0.091    13.341 r  Clk_IBUF_BUFG_inst/O
                         net (fo=20, routed)          1.505    14.846    Clk_IBUF_BUFG
    SLICE_X0Y22          FDRE                                         r  refresh_counter_reg[17]/C
                         clock pessimism              0.274    15.120    
                         clock uncertainty           -0.035    15.085    
    SLICE_X0Y22          FDRE (Setup_fdre_C_D)        0.062    15.147    refresh_counter_reg[17]
  -------------------------------------------------------------------
                         required time                         15.147    
                         arrival time                          -7.716    
  -------------------------------------------------------------------
                         slack                                  7.431    

Slack (MET) :             7.452ns  (required time - arrival time)
  Source:                 refresh_counter_reg[1]/C
                            (rising edge-triggered cell FDRE clocked by Clk  {rise@0.000ns fall@5.000ns period=10.000ns})
  Destination:            refresh_counter_reg[19]/D
                            (rising edge-triggered cell FDRE clocked by Clk  {rise@0.000ns fall@5.000ns period=10.000ns})
  Path Group:             Clk
  Path Type:              Setup (Max at Slow Process Corner)
  Requirement:            10.000ns  (Clk rise@10.000ns - Clk rise@0.000ns)
  Data Path Delay:        2.547ns  (logic 1.785ns (70.086%)  route 0.762ns (29.914%))
  Logic Levels:           5  (CARRY4=5)
  Clock Path Skew:        -0.028ns (DCD - SCD + CPR)
    Destination Clock Delay (DCD):    4.846ns = ( 14.846 - 10.000 ) 
    Source Clock Delay      (SCD):    5.148ns
    Clock Pessimism Removal (CPR):    0.274ns
  Clock Uncertainty:      0.035ns  ((TSJ^2 + TIJ^2)^1/2 + DJ) / 2 + PE
    Total System Jitter     (TSJ):    0.071ns
    Total Input Jitter      (TIJ):    0.000ns
    Discrete Jitter          (DJ):    0.000ns
    Phase Error              (PE):    0.000ns

    Location             Delay type                Incr(ns)  Path(ns)    Netlist Resource(s)
  -------------------------------------------------------------------    -------------------
                         (clock Clk rise edge)        0.000     0.000 r  
    W5                                                0.000     0.000 r  Clk (IN)
                         net (fo=0)                   0.000     0.000    Clk
    W5                   IBUF (Prop_ibuf_I_O)         1.458     1.458 r  Clk_IBUF_inst/O
                         net (fo=1, routed)           1.967     3.425    Clk_IBUF
    BUFGCTRL_X0Y0        BUFG (Prop_bufg_I_O)         0.096     3.521 r  Clk_IBUF_BUFG_inst/O
                         net (fo=20, routed)          1.627     5.148    Clk_IBUF_BUFG
    SLICE_X0Y18          FDRE                                         r  refresh_counter_reg[1]/C
  -------------------------------------------------------------------    -------------------
    SLICE_X0Y18          FDRE (Prop_fdre_C_Q)         0.456     5.604 r  refresh_counter_reg[1]/Q
                         net (fo=1, routed)           0.762     6.366    refresh_counter_reg_n_0_[1]
    SLICE_X0Y18          CARRY4 (Prop_carry4_S[1]_CO[3])
                                                      0.674     7.040 r  refresh_counter_reg[0]_i_1/CO[3]
                         net (fo=1, routed)           0.000     7.040    refresh_counter_reg[0]_i_1_n_0
    SLICE_X0Y19          CARRY4 (Prop_carry4_CI_CO[3])
                                                      0.114     7.154 r  refresh_counter_reg[4]_i_1/CO[3]
                         net (fo=1, routed)           0.000     7.154    refresh_counter_reg[4]_i_1_n_0
    SLICE_X0Y20          CARRY4 (Prop_carry4_CI_CO[3])
                                                      0.114     7.268 r  refresh_counter_reg[8]_i_1/CO[3]
                         net (fo=1, routed)           0.000     7.268    refresh_counter_reg[8]_i_1_n_0
    SLICE_X0Y21          CARRY4 (Prop_carry4_CI_CO[3])
                                                      0.114     7.382 r  refresh_counter_reg[12]_i_1/CO[3]
                         net (fo=1, routed)           0.000     7.382    refresh_counter_reg[12]_i_1_n_0
    SLICE_X0Y22          CARRY4 (Prop_carry4_CI_O[3])
                                                      0.313     7.695 r  refresh_counter_reg[16]_i_1/O[3]
                         net (fo=1, routed)           0.000     7.695    refresh_counter_reg[16]_i_1_n_4
    SLICE_X0Y22          FDRE                                         r  refresh_counter_reg[19]/D
  -------------------------------------------------------------------    -------------------

                         (clock Clk rise edge)       10.000    10.000 r  
    W5                                                0.000    10.000 r  Clk (IN)
                         net (fo=0)                   0.000    10.000    Clk
    W5                   IBUF (Prop_ibuf_I_O)         1.388    11.388 r  Clk_IBUF_inst/O
                         net (fo=1, routed)           1.862    13.250    Clk_IBUF
    BUFGCTRL_X0Y0        BUFG (Prop_bufg_I_O)         0.091    13.341 r  Clk_IBUF_BUFG_inst/O
                         net (fo=20, routed)          1.505    14.846    Clk_IBUF_BUFG
    SLICE_X0Y22          FDRE                                         r  refresh_counter_reg[19]/C
                         clock pessimism              0.274    15.120    
                         clock uncertainty           -0.035    15.085    
    SLICE_X0Y22          FDRE (Setup_fdre_C_D)        0.062    15.147    refresh_counter_reg[19]
  -------------------------------------------------------------------
                         required time                         15.147    
                         arrival time                          -7.695    
  -------------------------------------------------------------------
                         slack                                  7.452    

Slack (MET) :             7.526ns  (required time - arrival time)
  Source:                 refresh_counter_reg[1]/C
                            (rising edge-triggered cell FDRE clocked by Clk  {rise@0.000ns fall@5.000ns period=10.000ns})
  Destination:            refresh_counter_reg[18]/D
                            (rising edge-triggered cell FDRE clocked by Clk  {rise@0.000ns fall@5.000ns period=10.000ns})
  Path Group:             Clk
  Path Type:              Setup (Max at Slow Process Corner)
  Requirement:            10.000ns  (Clk rise@10.000ns - Clk rise@0.000ns)
  Data Path Delay:        2.473ns  (logic 1.711ns (69.191%)  route 0.762ns (30.809%))
  Logic Levels:           5  (CARRY4=5)
  Clock Path Skew:        -0.028ns (DCD - SCD + CPR)
    Destination Clock Delay (DCD):    4.846ns = ( 14.846 - 10.000 ) 
    Source Clock Delay      (SCD):    5.148ns
    Clock Pessimism Removal (CPR):    0.274ns
  Clock Uncertainty:      0.035ns  ((TSJ^2 + TIJ^2)^1/2 + DJ) / 2 + PE
    Total System Jitter     (TSJ):    0.071ns
    Total Input Jitter      (TIJ):    0.000ns
    Discrete Jitter          (DJ):    0.000ns
    Phase Error              (PE):    0.000ns

    Location             Delay type                Incr(ns)  Path(ns)    Netlist Resource(s)
  -------------------------------------------------------------------    -------------------
                         (clock Clk rise edge)        0.000     0.000 r  
    W5                                                0.000     0.000 r  Clk (IN)
                         net (fo=0)                   0.000     0.000    Clk
    W5                   IBUF (Prop_ibuf_I_O)         1.458     1.458 r  Clk_IBUF_inst/O
                         net (fo=1, routed)           1.967     3.425    Clk_IBUF
    BUFGCTRL_X0Y0        BUFG (Prop_bufg_I_O)         0.096     3.521 r  Clk_IBUF_BUFG_inst/O
                         net (fo=20, routed)          1.627     5.148    Clk_IBUF_BUFG
    SLICE_X0Y18          FDRE                                         r  refresh_counter_reg[1]/C
  -------------------------------------------------------------------    -------------------
    SLICE_X0Y18          FDRE (Prop_fdre_C_Q)         0.456     5.604 r  refresh_counter_reg[1]/Q
                         net (fo=1, routed)           0.762     6.366    refresh_counter_reg_n_0_[1]
    SLICE_X0Y18          CARRY4 (Prop_carry4_S[1]_CO[3])
                                                      0.674     7.040 r  refresh_counter_reg[0]_i_1/CO[3]
                         net (fo=1, routed)           0.000     7.040    refresh_counter_reg[0]_i_1_n_0
    SLICE_X0Y19          CARRY4 (Prop_carry4_CI_CO[3])
                                                      0.114     7.154 r  refresh_counter_reg[4]_i_1/CO[3]
                         net (fo=1, routed)           0.000     7.154    refresh_counter_reg[4]_i_1_n_0
    SLICE_X0Y20          CARRY4 (Prop_carry4_CI_CO[3])
                                                      0.114     7.268 r  refresh_counter_reg[8]_i_1/CO[3]
                         net (fo=1, routed)           0.000     7.268    refresh_counter_reg[8]_i_1_n_0
    SLICE_X0Y21          CARRY4 (Prop_carry4_CI_CO[3])
                                                      0.114     7.382 r  refresh_counter_reg[12]_i_1/CO[3]
                         net (fo=1, routed)           0.000     7.382    refresh_counter_reg[12]_i_1_n_0
    SLICE_X0Y22          CARRY4 (Prop_carry4_CI_O[2])
                                                      0.239     7.621 r  refresh_counter_reg[16]_i_1/O[2]
                         net (fo=1, routed)           0.000     7.621    refresh_counter_reg[16]_i_1_n_5
    SLICE_X0Y22          FDRE                                         r  refresh_counter_reg[18]/D
  -------------------------------------------------------------------    -------------------

                         (clock Clk rise edge)       10.000    10.000 r  
    W5                                                0.000    10.000 r  Clk (IN)
                         net (fo=0)                   0.000    10.000    Clk
    W5                   IBUF (Prop_ibuf_I_O)         1.388    11.388 r  Clk_IBUF_inst/O
                         net (fo=1, routed)           1.862    13.250    Clk_IBUF
    BUFGCTRL_X0Y0        BUFG (Prop_bufg_I_O)         0.091    13.341 r  Clk_IBUF_BUFG_inst/O
                         net (fo=20, routed)          1.505    14.846    Clk_IBUF_BUFG
    SLICE_X0Y22          FDRE                                         r  refresh_counter_reg[18]/C
                         clock pessimism              0.274    15.120    
                         clock uncertainty           -0.035    15.085    
    SLICE_X0Y22          FDRE (Setup_fdre_C_D)        0.062    15.147    refresh_counter_reg[18]
  -------------------------------------------------------------------
                         required time                         15.147    
                         arrival time                          -7.621    
  -------------------------------------------------------------------
                         slack                                  7.526    

Slack (MET) :             7.542ns  (required time - arrival time)
  Source:                 refresh_counter_reg[1]/C
                            (rising edge-triggered cell FDRE clocked by Clk  {rise@0.000ns fall@5.000ns period=10.000ns})
  Destination:            refresh_counter_reg[16]/D
                            (rising edge-triggered cell FDRE clocked by Clk  {rise@0.000ns fall@5.000ns period=10.000ns})
  Path Group:             Clk
  Path Type:              Setup (Max at Slow Process Corner)
  Requirement:            10.000ns  (Clk rise@10.000ns - Clk rise@0.000ns)
  Data Path Delay:        2.457ns  (logic 1.695ns (68.990%)  route 0.762ns (31.010%))
  Logic Levels:           5  (CARRY4=5)
  Clock Path Skew:        -0.028ns (DCD - SCD + CPR)
    Destination Clock Delay (DCD):    4.846ns = ( 14.846 - 10.000 ) 
    Source Clock Delay      (SCD):    5.148ns
    Clock Pessimism Removal (CPR):    0.274ns
  Clock Uncertainty:      0.035ns  ((TSJ^2 + TIJ^2)^1/2 + DJ) / 2 + PE
    Total System Jitter     (TSJ):    0.071ns
    Total Input Jitter      (TIJ):    0.000ns
    Discrete Jitter          (DJ):    0.000ns
    Phase Error              (PE):    0.000ns

    Location             Delay type                Incr(ns)  Path(ns)    Netlist Resource(s)
  -------------------------------------------------------------------    -------------------
                         (clock Clk rise edge)        0.000     0.000 r  
    W5                                                0.000     0.000 r  Clk (IN)
                         net (fo=0)                   0.000     0.000    Clk
    W5                   IBUF (Prop_ibuf_I_O)         1.458     1.458 r  Clk_IBUF_inst/O
                         net (fo=1, routed)           1.967     3.425    Clk_IBUF
    BUFGCTRL_X0Y0        BUFG (Prop_bufg_I_O)         0.096     3.521 r  Clk_IBUF_BUFG_inst/O
                         net (fo=20, routed)          1.627     5.148    Clk_IBUF_BUFG
    SLICE_X0Y18          FDRE                                         r  refresh_counter_reg[1]/C
  -------------------------------------------------------------------    -------------------
    SLICE_X0Y18          FDRE (Prop_fdre_C_Q)         0.456     5.604 r  refresh_counter_reg[1]/Q
                         net (fo=1, routed)           0.762     6.366    refresh_counter_reg_n_0_[1]
    SLICE_X0Y18          CARRY4 (Prop_carry4_S[1]_CO[3])
                                                      0.674     7.040 r  refresh_counter_reg[0]_i_1/CO[3]
                         net (fo=1, routed)           0.000     7.040    refresh_counter_reg[0]_i_1_n_0
    SLICE_X0Y19          CARRY4 (Prop_carry4_CI_CO[3])
                                                      0.114     7.154 r  refresh_counter_reg[4]_i_1/CO[3]
                         net (fo=1, routed)           0.000     7.154    refresh_counter_reg[4]_i_1_n_0
    SLICE_X0Y20          CARRY4 (Prop_carry4_CI_CO[3])
                                                      0.114     7.268 r  refresh_counter_reg[8]_i_1/CO[3]
                         net (fo=1, routed)           0.000     7.268    refresh_counter_reg[8]_i_1_n_0
    SLICE_X0Y21          CARRY4 (Prop_carry4_CI_CO[3])
                                                      0.114     7.382 r  refresh_counter_reg[12]_i_1/CO[3]
                         net (fo=1, routed)           0.000     7.382    refresh_counter_reg[12]_i_1_n_0
    SLICE_X0Y22          CARRY4 (Prop_carry4_CI_O[0])
                                                      0.223     7.605 r  refresh_counter_reg[16]_i_1/O[0]
                         net (fo=1, routed)           0.000     7.605    refresh_counter_reg[16]_i_1_n_7
    SLICE_X0Y22          FDRE                                         r  refresh_counter_reg[16]/D
  -------------------------------------------------------------------    -------------------

                         (clock Clk rise edge)       10.000    10.000 r  
    W5                                                0.000    10.000 r  Clk (IN)
                         net (fo=0)                   0.000    10.000    Clk
    W5                   IBUF (Prop_ibuf_I_O)         1.388    11.388 r  Clk_IBUF_inst/O
                         net (fo=1, routed)           1.862    13.250    Clk_IBUF
    BUFGCTRL_X0Y0        BUFG (Prop_bufg_I_O)         0.091    13.341 r  Clk_IBUF_BUFG_inst/O
                         net (fo=20, routed)          1.505    14.846    Clk_IBUF_BUFG
    SLICE_X0Y22          FDRE                                         r  refresh_counter_reg[16]/C
                         clock pessimism              0.274    15.120    
                         clock uncertainty           -0.035    15.085    
    SLICE_X0Y22          FDRE (Setup_fdre_C_D)        0.062    15.147    refresh_counter_reg[16]
  -------------------------------------------------------------------
                         required time                         15.147    
                         arrival time                          -7.605    
  -------------------------------------------------------------------
                         slack                                  7.542    

Slack (MET) :             7.547ns  (required time - arrival time)
  Source:                 refresh_counter_reg[1]/C
                            (rising edge-triggered cell FDRE clocked by Clk  {rise@0.000ns fall@5.000ns period=10.000ns})
  Destination:            refresh_counter_reg[13]/D
                            (rising edge-triggered cell FDRE clocked by Clk  {rise@0.000ns fall@5.000ns period=10.000ns})
  Path Group:             Clk
  Path Type:              Setup (Max at Slow Process Corner)
  Requirement:            10.000ns  (Clk rise@10.000ns - Clk rise@0.000ns)
  Data Path Delay:        2.454ns  (logic 1.692ns (68.952%)  route 0.762ns (31.048%))
  Logic Levels:           4  (CARRY4=4)
  Clock Path Skew:        -0.026ns (DCD - SCD + CPR)
    Destination Clock Delay (DCD):    4.848ns = ( 14.848 - 10.000 ) 
    Source Clock Delay      (SCD):    5.148ns
    Clock Pessimism Removal (CPR):    0.274ns
  Clock Uncertainty:      0.035ns  ((TSJ^2 + TIJ^2)^1/2 + DJ) / 2 + PE
    Total System Jitter     (TSJ):    0.071ns
    Total Input Jitter      (TIJ):    0.000ns
    Discrete Jitter          (DJ):    0.000ns
    Phase Error              (PE):    0.000ns

    Location             Delay type                Incr(ns)  Path(ns)    Netlist Resource(s)
  -------------------------------------------------------------------    -------------------
                         (clock Clk rise edge)        0.000     0.000 r  
    W5                                                0.000     0.000 r  Clk (IN)
                         net (fo=0)                   0.000     0.000    Clk
    W5                   IBUF (Prop_ibuf_I_O)         1.458     1.458 r  Clk_IBUF_inst/O
                         net (fo=1, routed)           1.967     3.425    Clk_IBUF
    BUFGCTRL_X0Y0        BUFG (Prop_bufg_I_O)         0.096     3.521 r  Clk_IBUF_BUFG_inst/O
                         net (fo=20, routed)          1.627     5.148    Clk_IBUF_BUFG
    SLICE_X0Y18          FDRE                                         r  refresh_counter_reg[1]/C
  -------------------------------------------------------------------    -------------------
    SLICE_X0Y18          FDRE (Prop_fdre_C_Q)         0.456     5.604 r  refresh_counter_reg[1]/Q
                         net (fo=1, routed)           0.762     6.366    refresh_counter_reg_n_0_[1]
    SLICE_X0Y18          CARRY4 (Prop_carry4_S[1]_CO[3])
                                                      0.674     7.040 r  refresh_counter_reg[0]_i_1/CO[3]
                         net (fo=1, routed)           0.000     7.040    refresh_counter_reg[0]_i_1_n_0
    SLICE_X0Y19          CARRY4 (Prop_carry4_CI_CO[3])
                                                      0.114     7.154 r  refresh_counter_reg[4]_i_1/CO[3]
                         net (fo=1, routed)           0.000     7.154    refresh_counter_reg[4]_i_1_n_0
    SLICE_X0Y20          CARRY4 (Prop_carry4_CI_CO[3])
                                                      0.114     7.268 r  refresh_counter_reg[8]_i_1/CO[3]
                         net (fo=1, routed)           0.000     7.268    refresh_counter_reg[8]_i_1_n_0
    SLICE_X0Y21          CARRY4 (Prop_carry4_CI_O[1])
                                                      0.334     7.602 r  refresh_counter_reg[12]_i_1/O[1]
                         net (fo=1, routed)           0.000     7.602    refresh_counter_reg[12]_i_1_n_6
    SLICE_X0Y21          FDRE                                         r  refresh_counter_reg[13]/D
  -------------------------------------------------------------------    -------------------

                         (clock Clk rise edge)       10.000    10.000 r  
    W5                                                0.000    10.000 r  Clk (IN)
                         net (fo=0)                   0.000    10.000    Clk
    W5                   IBUF (Prop_ibuf_I_O)         1.388    11.388 r  Clk_IBUF_inst/O
                         net (fo=1, routed)           1.862    13.250    Clk_IBUF
    BUFGCTRL_X0Y0        BUFG (Prop_bufg_I_O)         0.091    13.341 r  Clk_IBUF_BUFG_inst/O
                         net (fo=20, routed)          1.507    14.848    Clk_IBUF_BUFG
    SLICE_X0Y21          FDRE                                         r  refresh_counter_reg[13]/C
                         clock pessimism              0.274    15.122    
                         clock uncertainty           -0.035    15.087    
    SLICE_X0Y21          FDRE (Setup_fdre_C_D)        0.062    15.149    refresh_counter_reg[13]
  -------------------------------------------------------------------
                         required time                         15.149    
                         arrival time                          -7.602    
  -------------------------------------------------------------------
                         slack                                  7.547    

Slack (MET) :             7.568ns  (required time - arrival time)
  Source:                 refresh_counter_reg[1]/C
                            (rising edge-triggered cell FDRE clocked by Clk  {rise@0.000ns fall@5.000ns period=10.000ns})
  Destination:            refresh_counter_reg[15]/D
                            (rising edge-triggered cell FDRE clocked by Clk  {rise@0.000ns fall@5.000ns period=10.000ns})
  Path Group:             Clk
  Path Type:              Setup (Max at Slow Process Corner)
  Requirement:            10.000ns  (Clk rise@10.000ns - Clk rise@0.000ns)
  Data Path Delay:        2.433ns  (logic 1.671ns (68.684%)  route 0.762ns (31.316%))
  Logic Levels:           4  (CARRY4=4)
  Clock Path Skew:        -0.026ns (DCD - SCD + CPR)
    Destination Clock Delay (DCD):    4.848ns = ( 14.848 - 10.000 ) 
    Source Clock Delay      (SCD):    5.148ns
    Clock Pessimism Removal (CPR):    0.274ns
  Clock Uncertainty:      0.035ns  ((TSJ^2 + TIJ^2)^1/2 + DJ) / 2 + PE
    Total System Jitter     (TSJ):    0.071ns
    Total Input Jitter      (TIJ):    0.000ns
    Discrete Jitter          (DJ):    0.000ns
    Phase Error              (PE):    0.000ns

    Location             Delay type                Incr(ns)  Path(ns)    Netlist Resource(s)
  -------------------------------------------------------------------    -------------------
                         (clock Clk rise edge)        0.000     0.000 r  
    W5                                                0.000     0.000 r  Clk (IN)
                         net (fo=0)                   0.000     0.000    Clk
    W5                   IBUF (Prop_ibuf_I_O)         1.458     1.458 r  Clk_IBUF_inst/O
                         net (fo=1, routed)           1.967     3.425    Clk_IBUF
    BUFGCTRL_X0Y0        BUFG (Prop_bufg_I_O)         0.096     3.521 r  Clk_IBUF_BUFG_inst/O
                         net (fo=20, routed)          1.627     5.148    Clk_IBUF_BUFG
    SLICE_X0Y18          FDRE                                         r  refresh_counter_reg[1]/C
  -------------------------------------------------------------------    -------------------
    SLICE_X0Y18          FDRE (Prop_fdre_C_Q)         0.456     5.604 r  refresh_counter_reg[1]/Q
                         net (fo=1, routed)           0.762     6.366    refresh_counter_reg_n_0_[1]
    SLICE_X0Y18          CARRY4 (Prop_carry4_S[1]_CO[3])
                                                      0.674     7.040 r  refresh_counter_reg[0]_i_1/CO[3]
                         net (fo=1, routed)           0.000     7.040    refresh_counter_reg[0]_i_1_n_0
    SLICE_X0Y19          CARRY4 (Prop_carry4_CI_CO[3])
                                                      0.114     7.154 r  refresh_counter_reg[4]_i_1/CO[3]
                         net (fo=1, routed)           0.000     7.154    refresh_counter_reg[4]_i_1_n_0
    SLICE_X0Y20          CARRY4 (Prop_carry4_CI_CO[3])
                                                      0.114     7.268 r  refresh_counter_reg[8]_i_1/CO[3]
                         net (fo=1, routed)           0.000     7.268    refresh_counter_reg[8]_i_1_n_0
    SLICE_X0Y21          CARRY4 (Prop_carry4_CI_O[3])
                                                      0.313     7.581 r  refresh_counter_reg[12]_i_1/O[3]
                         net (fo=1, routed)           0.000     7.581    refresh_counter_reg[12]_i_1_n_4
    SLICE_X0Y21          FDRE                                         r  refresh_counter_reg[15]/D
  -------------------------------------------------------------------    -------------------

                         (clock Clk rise edge)       10.000    10.000 r  
    W5                                                0.000    10.000 r  Clk (IN)
                         net (fo=0)                   0.000    10.000    Clk
    W5                   IBUF (Prop_ibuf_I_O)         1.388    11.388 r  Clk_IBUF_inst/O
                         net (fo=1, routed)           1.862    13.250    Clk_IBUF
    BUFGCTRL_X0Y0        BUFG (Prop_bufg_I_O)         0.091    13.341 r  Clk_IBUF_BUFG_inst/O
                         net (fo=20, routed)          1.507    14.848    Clk_IBUF_BUFG
    SLICE_X0Y21          FDRE                                         r  refresh_counter_reg[15]/C
                         clock pessimism              0.274    15.122    
                         clock uncertainty           -0.035    15.087    
    SLICE_X0Y21          FDRE (Setup_fdre_C_D)        0.062    15.149    refresh_counter_reg[15]
  -------------------------------------------------------------------
                         required time                         15.149    
                         arrival time                          -7.581    
  -------------------------------------------------------------------
                         slack                                  7.568    

Slack (MET) :             7.642ns  (required time - arrival time)
  Source:                 refresh_counter_reg[1]/C
                            (rising edge-triggered cell FDRE clocked by Clk  {rise@0.000ns fall@5.000ns period=10.000ns})
  Destination:            refresh_counter_reg[14]/D
                            (rising edge-triggered cell FDRE clocked by Clk  {rise@0.000ns fall@5.000ns period=10.000ns})
  Path Group:             Clk
  Path Type:              Setup (Max at Slow Process Corner)
  Requirement:            10.000ns  (Clk rise@10.000ns - Clk rise@0.000ns)
  Data Path Delay:        2.359ns  (logic 1.597ns (67.702%)  route 0.762ns (32.298%))
  Logic Levels:           4  (CARRY4=4)
  Clock Path Skew:        -0.026ns (DCD - SCD + CPR)
    Destination Clock Delay (DCD):    4.848ns = ( 14.848 - 10.000 ) 
    Source Clock Delay      (SCD):    5.148ns
    Clock Pessimism Removal (CPR):    0.274ns
  Clock Uncertainty:      0.035ns  ((TSJ^2 + TIJ^2)^1/2 + DJ) / 2 + PE
    Total System Jitter     (TSJ):    0.071ns
    Total Input Jitter      (TIJ):    0.000ns
    Discrete Jitter          (DJ):    0.000ns
    Phase Error              (PE):    0.000ns

    Location             Delay type                Incr(ns)  Path(ns)    Netlist Resource(s)
  -------------------------------------------------------------------    -------------------
                         (clock Clk rise edge)        0.000     0.000 r  
    W5                                                0.000     0.000 r  Clk (IN)
                         net (fo=0)                   0.000     0.000    Clk
    W5                   IBUF (Prop_ibuf_I_O)         1.458     1.458 r  Clk_IBUF_inst/O
                         net (fo=1, routed)           1.967     3.425    Clk_IBUF
    BUFGCTRL_X0Y0        BUFG (Prop_bufg_I_O)         0.096     3.521 r  Clk_IBUF_BUFG_inst/O
                         net (fo=20, routed)          1.627     5.148    Clk_IBUF_BUFG
    SLICE_X0Y18          FDRE                                         r  refresh_counter_reg[1]/C
  -------------------------------------------------------------------    -------------------
    SLICE_X0Y18          FDRE (Prop_fdre_C_Q)         0.456     5.604 r  refresh_counter_reg[1]/Q
                         net (fo=1, routed)           0.762     6.366    refresh_counter_reg_n_0_[1]
    SLICE_X0Y18          CARRY4 (Prop_carry4_S[1]_CO[3])
                                                      0.674     7.040 r  refresh_counter_reg[0]_i_1/CO[3]
                         net (fo=1, routed)           0.000     7.040    refresh_counter_reg[0]_i_1_n_0
    SLICE_X0Y19          CARRY4 (Prop_carry4_CI_CO[3])
                                                      0.114     7.154 r  refresh_counter_reg[4]_i_1/CO[3]
                         net (fo=1, routed)           0.000     7.154    refresh_counter_reg[4]_i_1_n_0
    SLICE_X0Y20          CARRY4 (Prop_carry4_CI_CO[3])
                                                      0.114     7.268 r  refresh_counter_reg[8]_i_1/CO[3]
                         net (fo=1, routed)           0.000     7.268    refresh_counter_reg[8]_i_1_n_0
    SLICE_X0Y21          CARRY4 (Prop_carry4_CI_O[2])
                                                      0.239     7.507 r  refresh_counter_reg[12]_i_1/O[2]
                         net (fo=1, routed)           0.000     7.507    refresh_counter_reg[12]_i_1_n_5
    SLICE_X0Y21          FDRE                                         r  refresh_counter_reg[14]/D
  -------------------------------------------------------------------    -------------------

                         (clock Clk rise edge)       10.000    10.000 r  
    W5                                                0.000    10.000 r  Clk (IN)
                         net (fo=0)                   0.000    10.000    Clk
    W5                   IBUF (Prop_ibuf_I_O)         1.388    11.388 r  Clk_IBUF_inst/O
                         net (fo=1, routed)           1.862    13.250    Clk_IBUF
    BUFGCTRL_X0Y0        BUFG (Prop_bufg_I_O)         0.091    13.341 r  Clk_IBUF_BUFG_inst/O
                         net (fo=20, routed)          1.507    14.848    Clk_IBUF_BUFG
    SLICE_X0Y21          FDRE                                         r  refresh_counter_reg[14]/C
                         clock pessimism              0.274    15.122    
                         clock uncertainty           -0.035    15.087    
    SLICE_X0Y21          FDRE (Setup_fdre_C_D)        0.062    15.149    refresh_counter_reg[14]
  -------------------------------------------------------------------
                         required time                         15.149    
                         arrival time                          -7.507    
  -------------------------------------------------------------------
                         slack                                  7.642    

Slack (MET) :             7.658ns  (required time - arrival time)
  Source:                 refresh_counter_reg[1]/C
                            (rising edge-triggered cell FDRE clocked by Clk  {rise@0.000ns fall@5.000ns period=10.000ns})
  Destination:            refresh_counter_reg[12]/D
                            (rising edge-triggered cell FDRE clocked by Clk  {rise@0.000ns fall@5.000ns period=10.000ns})
  Path Group:             Clk
  Path Type:              Setup (Max at Slow Process Corner)
  Requirement:            10.000ns  (Clk rise@10.000ns - Clk rise@0.000ns)
  Data Path Delay:        2.343ns  (logic 1.581ns (67.481%)  route 0.762ns (32.519%))
  Logic Levels:           4  (CARRY4=4)
  Clock Path Skew:        -0.026ns (DCD - SCD + CPR)
    Destination Clock Delay (DCD):    4.848ns = ( 14.848 - 10.000 ) 
    Source Clock Delay      (SCD):    5.148ns
    Clock Pessimism Removal (CPR):    0.274ns
  Clock Uncertainty:      0.035ns  ((TSJ^2 + TIJ^2)^1/2 + DJ) / 2 + PE
    Total System Jitter     (TSJ):    0.071ns
    Total Input Jitter      (TIJ):    0.000ns
    Discrete Jitter          (DJ):    0.000ns
    Phase Error              (PE):    0.000ns

    Location             Delay type                Incr(ns)  Path(ns)    Netlist Resource(s)
  -------------------------------------------------------------------    -------------------
                         (clock Clk rise edge)        0.000     0.000 r  
    W5                                                0.000     0.000 r  Clk (IN)
                         net (fo=0)                   0.000     0.000    Clk
    W5                   IBUF (Prop_ibuf_I_O)         1.458     1.458 r  Clk_IBUF_inst/O
                         net (fo=1, routed)           1.967     3.425    Clk_IBUF
    BUFGCTRL_X0Y0        BUFG (Prop_bufg_I_O)         0.096     3.521 r  Clk_IBUF_BUFG_inst/O
                         net (fo=20, routed)          1.627     5.148    Clk_IBUF_BUFG
    SLICE_X0Y18          FDRE                                         r  refresh_counter_reg[1]/C
  -------------------------------------------------------------------    -------------------
    SLICE_X0Y18          FDRE (Prop_fdre_C_Q)         0.456     5.604 r  refresh_counter_reg[1]/Q
                         net (fo=1, routed)           0.762     6.366    refresh_counter_reg_n_0_[1]
    SLICE_X0Y18          CARRY4 (Prop_carry4_S[1]_CO[3])
                                                      0.674     7.040 r  refresh_counter_reg[0]_i_1/CO[3]
                         net (fo=1, routed)           0.000     7.040    refresh_counter_reg[0]_i_1_n_0
    SLICE_X0Y19          CARRY4 (Prop_carry4_CI_CO[3])
                                                      0.114     7.154 r  refresh_counter_reg[4]_i_1/CO[3]
                         net (fo=1, routed)           0.000     7.154    refresh_counter_reg[4]_i_1_n_0
    SLICE_X0Y20          CARRY4 (Prop_carry4_CI_CO[3])
                                                      0.114     7.268 r  refresh_counter_reg[8]_i_1/CO[3]
                         net (fo=1, routed)           0.000     7.268    refresh_counter_reg[8]_i_1_n_0
    SLICE_X0Y21          CARRY4 (Prop_carry4_CI_O[0])
                                                      0.223     7.491 r  refresh_counter_reg[12]_i_1/O[0]
                         net (fo=1, routed)           0.000     7.491    refresh_counter_reg[12]_i_1_n_7
    SLICE_X0Y21          FDRE                                         r  refresh_counter_reg[12]/D
  -------------------------------------------------------------------    -------------------

                         (clock Clk rise edge)       10.000    10.000 r  
    W5                                                0.000    10.000 r  Clk (IN)
                         net (fo=0)                   0.000    10.000    Clk
    W5                   IBUF (Prop_ibuf_I_O)         1.388    11.388 r  Clk_IBUF_inst/O
                         net (fo=1, routed)           1.862    13.250    Clk_IBUF
    BUFGCTRL_X0Y0        BUFG (Prop_bufg_I_O)         0.091    13.341 r  Clk_IBUF_BUFG_inst/O
                         net (fo=20, routed)          1.507    14.848    Clk_IBUF_BUFG
    SLICE_X0Y21          FDRE                                         r  refresh_counter_reg[12]/C
                         clock pessimism              0.274    15.122    
                         clock uncertainty           -0.035    15.087    
    SLICE_X0Y21          FDRE (Setup_fdre_C_D)        0.062    15.149    refresh_counter_reg[12]
  -------------------------------------------------------------------
                         required time                         15.149    
                         arrival time                          -7.491    
  -------------------------------------------------------------------
                         slack                                  7.658    

Slack (MET) :             7.662ns  (required time - arrival time)
  Source:                 refresh_counter_reg[1]/C
                            (rising edge-triggered cell FDRE clocked by Clk  {rise@0.000ns fall@5.000ns period=10.000ns})
  Destination:            refresh_counter_reg[9]/D
                            (rising edge-triggered cell FDRE clocked by Clk  {rise@0.000ns fall@5.000ns period=10.000ns})
  Path Group:             Clk
  Path Type:              Setup (Max at Slow Process Corner)
  Requirement:            10.000ns  (Clk rise@10.000ns - Clk rise@0.000ns)
  Data Path Delay:        2.340ns  (logic 1.578ns (67.440%)  route 0.762ns (32.560%))
  Logic Levels:           3  (CARRY4=3)
  Clock Path Skew:        -0.025ns (DCD - SCD + CPR)
    Destination Clock Delay (DCD):    4.849ns = ( 14.849 - 10.000 ) 
    Source Clock Delay      (SCD):    5.148ns
    Clock Pessimism Removal (CPR):    0.274ns
  Clock Uncertainty:      0.035ns  ((TSJ^2 + TIJ^2)^1/2 + DJ) / 2 + PE
    Total System Jitter     (TSJ):    0.071ns
    Total Input Jitter      (TIJ):    0.000ns
    Discrete Jitter          (DJ):    0.000ns
    Phase Error              (PE):    0.000ns

    Location             Delay type                Incr(ns)  Path(ns)    Netlist Resource(s)
  -------------------------------------------------------------------    -------------------
                         (clock Clk rise edge)        0.000     0.000 r  
    W5                                                0.000     0.000 r  Clk (IN)
                         net (fo=0)                   0.000     0.000    Clk
    W5                   IBUF (Prop_ibuf_I_O)         1.458     1.458 r  Clk_IBUF_inst/O
                         net (fo=1, routed)           1.967     3.425    Clk_IBUF
    BUFGCTRL_X0Y0        BUFG (Prop_bufg_I_O)         0.096     3.521 r  Clk_IBUF_BUFG_inst/O
                         net (fo=20, routed)          1.627     5.148    Clk_IBUF_BUFG
    SLICE_X0Y18          FDRE                                         r  refresh_counter_reg[1]/C
  -------------------------------------------------------------------    -------------------
    SLICE_X0Y18          FDRE (Prop_fdre_C_Q)         0.456     5.604 r  refresh_counter_reg[1]/Q
                         net (fo=1, routed)           0.762     6.366    refresh_counter_reg_n_0_[1]
    SLICE_X0Y18          CARRY4 (Prop_carry4_S[1]_CO[3])
                                                      0.674     7.040 r  refresh_counter_reg[0]_i_1/CO[3]
                         net (fo=1, routed)           0.000     7.040    refresh_counter_reg[0]_i_1_n_0
    SLICE_X0Y19          CARRY4 (Prop_carry4_CI_CO[3])
                                                      0.114     7.154 r  refresh_counter_reg[4]_i_1/CO[3]
                         net (fo=1, routed)           0.000     7.154    refresh_counter_reg[4]_i_1_n_0
    SLICE_X0Y20          CARRY4 (Prop_carry4_CI_O[1])
                                                      0.334     7.488 r  refresh_counter_reg[8]_i_1/O[1]
                         net (fo=1, routed)           0.000     7.488    refresh_counter_reg[8]_i_1_n_6
    SLICE_X0Y20          FDRE                                         r  refresh_counter_reg[9]/D
  -------------------------------------------------------------------    -------------------

                         (clock Clk rise edge)       10.000    10.000 r  
    W5                                                0.000    10.000 r  Clk (IN)
                         net (fo=0)                   0.000    10.000    Clk
    W5                   IBUF (Prop_ibuf_I_O)         1.388    11.388 r  Clk_IBUF_inst/O
                         net (fo=1, routed)           1.862    13.250    Clk_IBUF
    BUFGCTRL_X0Y0        BUFG (Prop_bufg_I_O)         0.091    13.341 r  Clk_IBUF_BUFG_inst/O
                         net (fo=20, routed)          1.508    14.849    Clk_IBUF_BUFG
    SLICE_X0Y20          FDRE                                         r  refresh_counter_reg[9]/C
                         clock pessimism              0.274    15.123    
                         clock uncertainty           -0.035    15.088    
    SLICE_X0Y20          FDRE (Setup_fdre_C_D)        0.062    15.150    refresh_counter_reg[9]
  -------------------------------------------------------------------
                         required time                         15.150    
                         arrival time                          -7.488    
  -------------------------------------------------------------------
                         slack                                  7.662    

Slack (MET) :             7.683ns  (required time - arrival time)
  Source:                 refresh_counter_reg[1]/C
                            (rising edge-triggered cell FDRE clocked by Clk  {rise@0.000ns fall@5.000ns period=10.000ns})
  Destination:            refresh_counter_reg[11]/D
                            (rising edge-triggered cell FDRE clocked by Clk  {rise@0.000ns fall@5.000ns period=10.000ns})
  Path Group:             Clk
  Path Type:              Setup (Max at Slow Process Corner)
  Requirement:            10.000ns  (Clk rise@10.000ns - Clk rise@0.000ns)
  Data Path Delay:        2.319ns  (logic 1.557ns (67.145%)  route 0.762ns (32.855%))
  Logic Levels:           3  (CARRY4=3)
  Clock Path Skew:        -0.025ns (DCD - SCD + CPR)
    Destination Clock Delay (DCD):    4.849ns = ( 14.849 - 10.000 ) 
    Source Clock Delay      (SCD):    5.148ns
    Clock Pessimism Removal (CPR):    0.274ns
  Clock Uncertainty:      0.035ns  ((TSJ^2 + TIJ^2)^1/2 + DJ) / 2 + PE
    Total System Jitter     (TSJ):    0.071ns
    Total Input Jitter      (TIJ):    0.000ns
    Discrete Jitter          (DJ):    0.000ns
    Phase Error              (PE):    0.000ns

    Location             Delay type                Incr(ns)  Path(ns)    Netlist Resource(s)
  -------------------------------------------------------------------    -------------------
                         (clock Clk rise edge)        0.000     0.000 r  
    W5                                                0.000     0.000 r  Clk (IN)
                         net (fo=0)                   0.000     0.000    Clk
    W5                   IBUF (Prop_ibuf_I_O)         1.458     1.458 r  Clk_IBUF_inst/O
                         net (fo=1, routed)           1.967     3.425    Clk_IBUF
    BUFGCTRL_X0Y0        BUFG (Prop_bufg_I_O)         0.096     3.521 r  Clk_IBUF_BUFG_inst/O
                         net (fo=20, routed)          1.627     5.148    Clk_IBUF_BUFG
    SLICE_X0Y18          FDRE                                         r  refresh_counter_reg[1]/C
  -------------------------------------------------------------------    -------------------
    SLICE_X0Y18          FDRE (Prop_fdre_C_Q)         0.456     5.604 r  refresh_counter_reg[1]/Q
                         net (fo=1, routed)           0.762     6.366    refresh_counter_reg_n_0_[1]
    SLICE_X0Y18          CARRY4 (Prop_carry4_S[1]_CO[3])
                                                      0.674     7.040 r  refresh_counter_reg[0]_i_1/CO[3]
                         net (fo=1, routed)           0.000     7.040    refresh_counter_reg[0]_i_1_n_0
    SLICE_X0Y19          CARRY4 (Prop_carry4_CI_CO[3])
                                                      0.114     7.154 r  refresh_counter_reg[4]_i_1/CO[3]
                         net (fo=1, routed)           0.000     7.154    refresh_counter_reg[4]_i_1_n_0
    SLICE_X0Y20          CARRY4 (Prop_carry4_CI_O[3])
                                                      0.313     7.467 r  refresh_counter_reg[8]_i_1/O[3]
                         net (fo=1, routed)           0.000     7.467    refresh_counter_reg[8]_i_1_n_4
    SLICE_X0Y20          FDRE                                         r  refresh_counter_reg[11]/D
  -------------------------------------------------------------------    -------------------

                         (clock Clk rise edge)       10.000    10.000 r  
    W5                                                0.000    10.000 r  Clk (IN)
                         net (fo=0)                   0.000    10.000    Clk
    W5                   IBUF (Prop_ibuf_I_O)         1.388    11.388 r  Clk_IBUF_inst/O
                         net (fo=1, routed)           1.862    13.250    Clk_IBUF
    BUFGCTRL_X0Y0        BUFG (Prop_bufg_I_O)         0.091    13.341 r  Clk_IBUF_BUFG_inst/O
                         net (fo=20, routed)          1.508    14.849    Clk_IBUF_BUFG
    SLICE_X0Y20          FDRE                                         r  refresh_counter_reg[11]/C
                         clock pessimism              0.274    15.123    
                         clock uncertainty           -0.035    15.088    
    SLICE_X0Y20          FDRE (Setup_fdre_C_D)        0.062    15.150    refresh_counter_reg[11]
  -------------------------------------------------------------------
                         required time                         15.150    
                         arrival time                          -7.467    
  -------------------------------------------------------------------
                         slack                                  7.683    





Min Delay Paths
--------------------------------------------------------------------------------------
Slack (MET) :             0.324ns  (arrival time - required time)
  Source:                 refresh_counter_reg[0]/C
                            (rising edge-triggered cell FDRE clocked by Clk  {rise@0.000ns fall@5.000ns period=10.000ns})
  Destination:            refresh_counter_reg[0]/D
                            (rising edge-triggered cell FDRE clocked by Clk  {rise@0.000ns fall@5.000ns period=10.000ns})
  Path Group:             Clk
  Path Type:              Hold (Min at Fast Process Corner)
  Requirement:            0.000ns  (Clk rise@0.000ns - Clk rise@0.000ns)
  Data Path Delay:        0.429ns  (logic 0.256ns (59.730%)  route 0.173ns (40.270%))
  Logic Levels:           2  (CARRY4=1 LUT1=1)
  Clock Path Skew:        0.000ns (DCD - SCD - CPR)
    Destination Clock Delay (DCD):    1.984ns
    Source Clock Delay      (SCD):    1.471ns
    Clock Pessimism Removal (CPR):    0.513ns

    Location             Delay type                Incr(ns)  Path(ns)    Netlist Resource(s)
  -------------------------------------------------------------------    -------------------
                         (clock Clk rise edge)        0.000     0.000 r  
    W5                                                0.000     0.000 r  Clk (IN)
                         net (fo=0)                   0.000     0.000    Clk
    W5                   IBUF (Prop_ibuf_I_O)         0.226     0.226 r  Clk_IBUF_inst/O
                         net (fo=1, routed)           0.631     0.858    Clk_IBUF
    BUFGCTRL_X0Y0        BUFG (Prop_bufg_I_O)         0.026     0.884 r  Clk_IBUF_BUFG_inst/O
                         net (fo=20, routed)          0.588     1.471    Clk_IBUF_BUFG
    SLICE_X0Y18          FDRE                                         r  refresh_counter_reg[0]/C
  -------------------------------------------------------------------    -------------------
    SLICE_X0Y18          FDRE (Prop_fdre_C_Q)         0.141     1.612 f  refresh_counter_reg[0]/Q
                         net (fo=1, routed)           0.173     1.785    refresh_counter_reg_n_0_[0]
    SLICE_X0Y18          LUT1 (Prop_lut1_I0_O)        0.045     1.830 r  refresh_counter[0]_i_2/O
                         net (fo=1, routed)           0.000     1.830    refresh_counter[0]_i_2_n_0
    SLICE_X0Y18          CARRY4 (Prop_carry4_S[0]_O[0])
                                                      0.070     1.900 r  refresh_counter_reg[0]_i_1/O[0]
                         net (fo=1, routed)           0.000     1.900    refresh_counter_reg[0]_i_1_n_7
    SLICE_X0Y18          FDRE                                         r  refresh_counter_reg[0]/D
  -------------------------------------------------------------------    -------------------

                         (clock Clk rise edge)        0.000     0.000 r  
    W5                                                0.000     0.000 r  Clk (IN)
                         net (fo=0)                   0.000     0.000    Clk
    W5                   IBUF (Prop_ibuf_I_O)         0.414     0.414 r  Clk_IBUF_inst/O
                         net (fo=1, routed)           0.685     1.099    Clk_IBUF
    BUFGCTRL_X0Y0        BUFG (Prop_bufg_I_O)         0.029     1.128 r  Clk_IBUF_BUFG_inst/O
                         net (fo=20, routed)          0.857     1.984    Clk_IBUF_BUFG
    SLICE_X0Y18          FDRE                                         r  refresh_counter_reg[0]/C
                         clock pessimism             -0.513     1.471    
    SLICE_X0Y18          FDRE (Hold_fdre_C_D)         0.105     1.576    refresh_counter_reg[0]
  -------------------------------------------------------------------
                         required time                         -1.576    
                         arrival time                           1.900    
  -------------------------------------------------------------------
                         slack                                  0.324    

Slack (MET) :             0.327ns  (arrival time - required time)
  Source:                 refresh_counter_reg[12]/C
                            (rising edge-triggered cell FDRE clocked by Clk  {rise@0.000ns fall@5.000ns period=10.000ns})
  Destination:            refresh_counter_reg[12]/D
                            (rising edge-triggered cell FDRE clocked by Clk  {rise@0.000ns fall@5.000ns period=10.000ns})
  Path Group:             Clk
  Path Type:              Hold (Min at Fast Process Corner)
  Requirement:            0.000ns  (Clk rise@0.000ns - Clk rise@0.000ns)
  Data Path Delay:        0.432ns  (logic 0.256ns (59.199%)  route 0.176ns (40.801%))
  Logic Levels:           1  (CARRY4=1)
  Clock Path Skew:        0.000ns (DCD - SCD - CPR)
    Destination Clock Delay (DCD):    1.981ns
    Source Clock Delay      (SCD):    1.468ns
    Clock Pessimism Removal (CPR):    0.513ns

    Location             Delay type                Incr(ns)  Path(ns)    Netlist Resource(s)
  -------------------------------------------------------------------    -------------------
                         (clock Clk rise edge)        0.000     0.000 r  
    W5                                                0.000     0.000 r  Clk (IN)
                         net (fo=0)                   0.000     0.000    Clk
    W5                   IBUF (Prop_ibuf_I_O)         0.226     0.226 r  Clk_IBUF_inst/O
                         net (fo=1, routed)           0.631     0.858    Clk_IBUF
    BUFGCTRL_X0Y0        BUFG (Prop_bufg_I_O)         0.026     0.884 r  Clk_IBUF_BUFG_inst/O
                         net (fo=20, routed)          0.585     1.468    Clk_IBUF_BUFG
    SLICE_X0Y21          FDRE                                         r  refresh_counter_reg[12]/C
  -------------------------------------------------------------------    -------------------
    SLICE_X0Y21          FDRE (Prop_fdre_C_Q)         0.141     1.609 r  refresh_counter_reg[12]/Q
                         net (fo=1, routed)           0.176     1.786    refresh_counter_reg_n_0_[12]
    SLICE_X0Y21          CARRY4 (Prop_carry4_S[0]_O[0])
                                                      0.115     1.901 r  refresh_counter_reg[12]_i_1/O[0]
                         net (fo=1, routed)           0.000     1.901    refresh_counter_reg[12]_i_1_n_7
    SLICE_X0Y21          FDRE                                         r  refresh_counter_reg[12]/D
  -------------------------------------------------------------------    -------------------

                         (clock Clk rise edge)        0.000     0.000 r  
    W5                                                0.000     0.000 r  Clk (IN)
                         net (fo=0)                   0.000     0.000    Clk
    W5                   IBUF (Prop_ibuf_I_O)         0.414     0.414 r  Clk_IBUF_inst/O
                         net (fo=1, routed)           0.685     1.099    Clk_IBUF
    BUFGCTRL_X0Y0        BUFG (Prop_bufg_I_O)         0.029     1.128 r  Clk_IBUF_BUFG_inst/O
                         net (fo=20, routed)          0.854     1.981    Clk_IBUF_BUFG
    SLICE_X0Y21          FDRE                                         r  refresh_counter_reg[12]/C
                         clock pessimism             -0.513     1.468    
    SLICE_X0Y21          FDRE (Hold_fdre_C_D)         0.105     1.573    refresh_counter_reg[12]
  -------------------------------------------------------------------
                         required time                         -1.573    
                         arrival time                           1.901    
  -------------------------------------------------------------------
                         slack                                  0.327    

Slack (MET) :             0.327ns  (arrival time - required time)
  Source:                 refresh_counter_reg[16]/C
                            (rising edge-triggered cell FDRE clocked by Clk  {rise@0.000ns fall@5.000ns period=10.000ns})
  Destination:            refresh_counter_reg[16]/D
                            (rising edge-triggered cell FDRE clocked by Clk  {rise@0.000ns fall@5.000ns period=10.000ns})
  Path Group:             Clk
  Path Type:              Hold (Min at Fast Process Corner)
  Requirement:            0.000ns  (Clk rise@0.000ns - Clk rise@0.000ns)
  Data Path Delay:        0.432ns  (logic 0.256ns (59.199%)  route 0.176ns (40.801%))
  Logic Levels:           1  (CARRY4=1)
  Clock Path Skew:        0.000ns (DCD - SCD - CPR)
    Destination Clock Delay (DCD):    1.980ns
    Source Clock Delay      (SCD):    1.468ns
    Clock Pessimism Removal (CPR):    0.512ns

    Location             Delay type                Incr(ns)  Path(ns)    Netlist Resource(s)
  -------------------------------------------------------------------    -------------------
                         (clock Clk rise edge)        0.000     0.000 r  
    W5                                                0.000     0.000 r  Clk (IN)
                         net (fo=0)                   0.000     0.000    Clk
    W5                   IBUF (Prop_ibuf_I_O)         0.226     0.226 r  Clk_IBUF_inst/O
                         net (fo=1, routed)           0.631     0.858    Clk_IBUF
    BUFGCTRL_X0Y0        BUFG (Prop_bufg_I_O)         0.026     0.884 r  Clk_IBUF_BUFG_inst/O
                         net (fo=20, routed)          0.585     1.468    Clk_IBUF_BUFG
    SLICE_X0Y22          FDRE                                         r  refresh_counter_reg[16]/C
  -------------------------------------------------------------------    -------------------
    SLICE_X0Y22          FDRE (Prop_fdre_C_Q)         0.141     1.609 r  refresh_counter_reg[16]/Q
                         net (fo=1, routed)           0.176     1.786    refresh_counter_reg_n_0_[16]
    SLICE_X0Y22          CARRY4 (Prop_carry4_S[0]_O[0])
                                                      0.115     1.901 r  refresh_counter_reg[16]_i_1/O[0]
                         net (fo=1, routed)           0.000     1.901    refresh_counter_reg[16]_i_1_n_7
    SLICE_X0Y22          FDRE                                         r  refresh_counter_reg[16]/D
  -------------------------------------------------------------------    -------------------

                         (clock Clk rise edge)        0.000     0.000 r  
    W5                                                0.000     0.000 r  Clk (IN)
                         net (fo=0)                   0.000     0.000    Clk
    W5                   IBUF (Prop_ibuf_I_O)         0.414     0.414 r  Clk_IBUF_inst/O
                         net (fo=1, routed)           0.685     1.099    Clk_IBUF
    BUFGCTRL_X0Y0        BUFG (Prop_bufg_I_O)         0.029     1.128 r  Clk_IBUF_BUFG_inst/O
                         net (fo=20, routed)          0.853     1.980    Clk_IBUF_BUFG
    SLICE_X0Y22          FDRE                                         r  refresh_counter_reg[16]/C
                         clock pessimism             -0.512     1.468    
    SLICE_X0Y22          FDRE (Hold_fdre_C_D)         0.105     1.573    refresh_counter_reg[16]
  -------------------------------------------------------------------
                         required time                         -1.573    
                         arrival time                           1.901    
  -------------------------------------------------------------------
                         slack                                  0.327    

Slack (MET) :             0.327ns  (arrival time - required time)
  Source:                 refresh_counter_reg[4]/C
                            (rising edge-triggered cell FDRE clocked by Clk  {rise@0.000ns fall@5.000ns period=10.000ns})
  Destination:            refresh_counter_reg[4]/D
                            (rising edge-triggered cell FDRE clocked by Clk  {rise@0.000ns fall@5.000ns period=10.000ns})
  Path Group:             Clk
  Path Type:              Hold (Min at Fast Process Corner)
  Requirement:            0.000ns  (Clk rise@0.000ns - Clk rise@0.000ns)
  Data Path Delay:        0.432ns  (logic 0.256ns (59.199%)  route 0.176ns (40.801%))
  Logic Levels:           1  (CARRY4=1)
  Clock Path Skew:        0.000ns (DCD - SCD - CPR)
    Destination Clock Delay (DCD):    1.983ns
    Source Clock Delay      (SCD):    1.470ns
    Clock Pessimism Removal (CPR):    0.513ns

    Location             Delay type                Incr(ns)  Path(ns)    Netlist Resource(s)
  -------------------------------------------------------------------    -------------------
                         (clock Clk rise edge)        0.000     0.000 r  
    W5                                                0.000     0.000 r  Clk (IN)
                         net (fo=0)                   0.000     0.000    Clk
    W5                   IBUF (Prop_ibuf_I_O)         0.226     0.226 r  Clk_IBUF_inst/O
                         net (fo=1, routed)           0.631     0.858    Clk_IBUF
    BUFGCTRL_X0Y0        BUFG (Prop_bufg_I_O)         0.026     0.884 r  Clk_IBUF_BUFG_inst/O
                         net (fo=20, routed)          0.587     1.470    Clk_IBUF_BUFG
    SLICE_X0Y19          FDRE                                         r  refresh_counter_reg[4]/C
  -------------------------------------------------------------------    -------------------
    SLICE_X0Y19          FDRE (Prop_fdre_C_Q)         0.141     1.611 r  refresh_counter_reg[4]/Q
                         net (fo=1, routed)           0.176     1.788    refresh_counter_reg_n_0_[4]
    SLICE_X0Y19          CARRY4 (Prop_carry4_S[0]_O[0])
                                                      0.115     1.903 r  refresh_counter_reg[4]_i_1/O[0]
                         net (fo=1, routed)           0.000     1.903    refresh_counter_reg[4]_i_1_n_7
    SLICE_X0Y19          FDRE                                         r  refresh_counter_reg[4]/D
  -------------------------------------------------------------------    -------------------

                         (clock Clk rise edge)        0.000     0.000 r  
    W5                                                0.000     0.000 r  Clk (IN)
                         net (fo=0)                   0.000     0.000    Clk
    W5                   IBUF (Prop_ibuf_I_O)         0.414     0.414 r  Clk_IBUF_inst/O
                         net (fo=1, routed)           0.685     1.099    Clk_IBUF
    BUFGCTRL_X0Y0        BUFG (Prop_bufg_I_O)         0.029     1.128 r  Clk_IBUF_BUFG_inst/O
                         net (fo=20, routed)          0.856     1.983    Clk_IBUF_BUFG
    SLICE_X0Y19          FDRE                                         r  refresh_counter_reg[4]/C
                         clock pessimism             -0.513     1.470    
    SLICE_X0Y19          FDRE (Hold_fdre_C_D)         0.105     1.575    refresh_counter_reg[4]
  -------------------------------------------------------------------
                         required time                         -1.575    
                         arrival time                           1.903    
  -------------------------------------------------------------------
                         slack                                  0.327    

Slack (MET) :             0.327ns  (arrival time - required time)
  Source:                 refresh_counter_reg[8]/C
                            (rising edge-triggered cell FDRE clocked by Clk  {rise@0.000ns fall@5.000ns period=10.000ns})
  Destination:            refresh_counter_reg[8]/D
                            (rising edge-triggered cell FDRE clocked by Clk  {rise@0.000ns fall@5.000ns period=10.000ns})
  Path Group:             Clk
  Path Type:              Hold (Min at Fast Process Corner)
  Requirement:            0.000ns  (Clk rise@0.000ns - Clk rise@0.000ns)
  Data Path Delay:        0.432ns  (logic 0.256ns (59.199%)  route 0.176ns (40.801%))
  Logic Levels:           1  (CARRY4=1)
  Clock Path Skew:        0.000ns (DCD - SCD - CPR)
    Destination Clock Delay (DCD):    1.982ns
    Source Clock Delay      (SCD):    1.469ns
    Clock Pessimism Removal (CPR):    0.513ns

    Location             Delay type                Incr(ns)  Path(ns)    Netlist Resource(s)
  -------------------------------------------------------------------    -------------------
                         (clock Clk rise edge)        0.000     0.000 r  
    W5                                                0.000     0.000 r  Clk (IN)
                         net (fo=0)                   0.000     0.000    Clk
    W5                   IBUF (Prop_ibuf_I_O)         0.226     0.226 r  Clk_IBUF_inst/O
                         net (fo=1, routed)           0.631     0.858    Clk_IBUF
    BUFGCTRL_X0Y0        BUFG (Prop_bufg_I_O)         0.026     0.884 r  Clk_IBUF_BUFG_inst/O
                         net (fo=20, routed)          0.586     1.469    Clk_IBUF_BUFG
    SLICE_X0Y20          FDRE                                         r  refresh_counter_reg[8]/C
  -------------------------------------------------------------------    -------------------
    SLICE_X0Y20          FDRE (Prop_fdre_C_Q)         0.141     1.610 r  refresh_counter_reg[8]/Q
                         net (fo=1, routed)           0.176     1.787    refresh_counter_reg_n_0_[8]
    SLICE_X0Y20          CARRY4 (Prop_carry4_S[0]_O[0])
                                                      0.115     1.902 r  refresh_counter_reg[8]_i_1/O[0]
                         net (fo=1, routed)           0.000     1.902    refresh_counter_reg[8]_i_1_n_7
    SLICE_X0Y20          FDRE                                         r  refresh_counter_reg[8]/D
  -------------------------------------------------------------------    -------------------

                         (clock Clk rise edge)        0.000     0.000 r  
    W5                                                0.000     0.000 r  Clk (IN)
                         net (fo=0)                   0.000     0.000    Clk
    W5                   IBUF (Prop_ibuf_I_O)         0.414     0.414 r  Clk_IBUF_inst/O
                         net (fo=1, routed)           0.685     1.099    Clk_IBUF
    BUFGCTRL_X0Y0        BUFG (Prop_bufg_I_O)         0.029     1.128 r  Clk_IBUF_BUFG_inst/O
                         net (fo=20, routed)          0.855     1.982    Clk_IBUF_BUFG
    SLICE_X0Y20          FDRE                                         r  refresh_counter_reg[8]/C
                         clock pessimism             -0.513     1.469    
    SLICE_X0Y20          FDRE (Hold_fdre_C_D)         0.105     1.574    refresh_counter_reg[8]
  -------------------------------------------------------------------
                         required time                         -1.574    
                         arrival time                           1.902    
  -------------------------------------------------------------------
                         slack                                  0.327    

Slack (MET) :             0.360ns  (arrival time - required time)
  Source:                 refresh_counter_reg[0]/C
                            (rising edge-triggered cell FDRE clocked by Clk  {rise@0.000ns fall@5.000ns period=10.000ns})
  Destination:            refresh_counter_reg[1]/D
                            (rising edge-triggered cell FDRE clocked by Clk  {rise@0.000ns fall@5.000ns period=10.000ns})
  Path Group:             Clk
  Path Type:              Hold (Min at Fast Process Corner)
  Requirement:            0.000ns  (Clk rise@0.000ns - Clk rise@0.000ns)
  Data Path Delay:        0.465ns  (logic 0.292ns (62.850%)  route 0.173ns (37.150%))
  Logic Levels:           2  (CARRY4=1 LUT1=1)
  Clock Path Skew:        0.000ns (DCD - SCD - CPR)
    Destination Clock Delay (DCD):    1.984ns
    Source Clock Delay      (SCD):    1.471ns
    Clock Pessimism Removal (CPR):    0.513ns

    Location             Delay type                Incr(ns)  Path(ns)    Netlist Resource(s)
  -------------------------------------------------------------------    -------------------
                         (clock Clk rise edge)        0.000     0.000 r  
    W5                                                0.000     0.000 r  Clk (IN)
                         net (fo=0)                   0.000     0.000    Clk
    W5                   IBUF (Prop_ibuf_I_O)         0.226     0.226 r  Clk_IBUF_inst/O
                         net (fo=1, routed)           0.631     0.858    Clk_IBUF
    BUFGCTRL_X0Y0        BUFG (Prop_bufg_I_O)         0.026     0.884 r  Clk_IBUF_BUFG_inst/O
                         net (fo=20, routed)          0.588     1.471    Clk_IBUF_BUFG
    SLICE_X0Y18          FDRE                                         r  refresh_counter_reg[0]/C
  -------------------------------------------------------------------    -------------------
    SLICE_X0Y18          FDRE (Prop_fdre_C_Q)         0.141     1.612 f  refresh_counter_reg[0]/Q
                         net (fo=1, routed)           0.173     1.785    refresh_counter_reg_n_0_[0]
    SLICE_X0Y18          LUT1 (Prop_lut1_I0_O)        0.045     1.830 r  refresh_counter[0]_i_2/O
                         net (fo=1, routed)           0.000     1.830    refresh_counter[0]_i_2_n_0
    SLICE_X0Y18          CARRY4 (Prop_carry4_S[0]_O[1])
                                                      0.106     1.936 r  refresh_counter_reg[0]_i_1/O[1]
                         net (fo=1, routed)           0.000     1.936    refresh_counter_reg[0]_i_1_n_6
    SLICE_X0Y18          FDRE                                         r  refresh_counter_reg[1]/D
  -------------------------------------------------------------------    -------------------

                         (clock Clk rise edge)        0.000     0.000 r  
    W5                                                0.000     0.000 r  Clk (IN)
                         net (fo=0)                   0.000     0.000    Clk
    W5                   IBUF (Prop_ibuf_I_O)         0.414     0.414 r  Clk_IBUF_inst/O
                         net (fo=1, routed)           0.685     1.099    Clk_IBUF
    BUFGCTRL_X0Y0        BUFG (Prop_bufg_I_O)         0.029     1.128 r  Clk_IBUF_BUFG_inst/O
                         net (fo=20, routed)          0.857     1.984    Clk_IBUF_BUFG
    SLICE_X0Y18          FDRE                                         r  refresh_counter_reg[1]/C
                         clock pessimism             -0.513     1.471    
    SLICE_X0Y18          FDRE (Hold_fdre_C_D)         0.105     1.576    refresh_counter_reg[1]
  -------------------------------------------------------------------
                         required time                         -1.576    
                         arrival time                           1.936    
  -------------------------------------------------------------------
                         slack                                  0.360    

Slack (MET) :             0.363ns  (arrival time - required time)
  Source:                 refresh_counter_reg[12]/C
                            (rising edge-triggered cell FDRE clocked by Clk  {rise@0.000ns fall@5.000ns period=10.000ns})
  Destination:            refresh_counter_reg[13]/D
                            (rising edge-triggered cell FDRE clocked by Clk  {rise@0.000ns fall@5.000ns period=10.000ns})
  Path Group:             Clk
  Path Type:              Hold (Min at Fast Process Corner)
  Requirement:            0.000ns  (Clk rise@0.000ns - Clk rise@0.000ns)
  Data Path Delay:        0.468ns  (logic 0.292ns (62.334%)  route 0.176ns (37.666%))
  Logic Levels:           1  (CARRY4=1)
  Clock Path Skew:        0.000ns (DCD - SCD - CPR)
    Destination Clock Delay (DCD):    1.981ns
    Source Clock Delay      (SCD):    1.468ns
    Clock Pessimism Removal (CPR):    0.513ns

    Location             Delay type                Incr(ns)  Path(ns)    Netlist Resource(s)
  -------------------------------------------------------------------    -------------------
                         (clock Clk rise edge)        0.000     0.000 r  
    W5                                                0.000     0.000 r  Clk (IN)
                         net (fo=0)                   0.000     0.000    Clk
    W5                   IBUF (Prop_ibuf_I_O)         0.226     0.226 r  Clk_IBUF_inst/O
                         net (fo=1, routed)           0.631     0.858    Clk_IBUF
    BUFGCTRL_X0Y0        BUFG (Prop_bufg_I_O)         0.026     0.884 r  Clk_IBUF_BUFG_inst/O
                         net (fo=20, routed)          0.585     1.468    Clk_IBUF_BUFG
    SLICE_X0Y21          FDRE                                         r  refresh_counter_reg[12]/C
  -------------------------------------------------------------------    -------------------
    SLICE_X0Y21          FDRE (Prop_fdre_C_Q)         0.141     1.609 r  refresh_counter_reg[12]/Q
                         net (fo=1, routed)           0.176     1.786    refresh_counter_reg_n_0_[12]
    SLICE_X0Y21          CARRY4 (Prop_carry4_S[0]_O[1])
                                                      0.151     1.937 r  refresh_counter_reg[12]_i_1/O[1]
                         net (fo=1, routed)           0.000     1.937    refresh_counter_reg[12]_i_1_n_6
    SLICE_X0Y21          FDRE                                         r  refresh_counter_reg[13]/D
  -------------------------------------------------------------------    -------------------

                         (clock Clk rise edge)        0.000     0.000 r  
    W5                                                0.000     0.000 r  Clk (IN)
                         net (fo=0)                   0.000     0.000    Clk
    W5                   IBUF (Prop_ibuf_I_O)         0.414     0.414 r  Clk_IBUF_inst/O
                         net (fo=1, routed)           0.685     1.099    Clk_IBUF
    BUFGCTRL_X0Y0        BUFG (Prop_bufg_I_O)         0.029     1.128 r  Clk_IBUF_BUFG_inst/O
                         net (fo=20, routed)          0.854     1.981    Clk_IBUF_BUFG
    SLICE_X0Y21          FDRE                                         r  refresh_counter_reg[13]/C
                         clock pessimism             -0.513     1.468    
    SLICE_X0Y21          FDRE (Hold_fdre_C_D)         0.105     1.573    refresh_counter_reg[13]
  -------------------------------------------------------------------
                         required time                         -1.573    
                         arrival time                           1.937    
  -------------------------------------------------------------------
                         slack                                  0.363    

Slack (MET) :             0.363ns  (arrival time - required time)
  Source:                 refresh_counter_reg[16]/C
                            (rising edge-triggered cell FDRE clocked by Clk  {rise@0.000ns fall@5.000ns period=10.000ns})
  Destination:            refresh_counter_reg[17]/D
                            (rising edge-triggered cell FDRE clocked by Clk  {rise@0.000ns fall@5.000ns period=10.000ns})
  Path Group:             Clk
  Path Type:              Hold (Min at Fast Process Corner)
  Requirement:            0.000ns  (Clk rise@0.000ns - Clk rise@0.000ns)
  Data Path Delay:        0.468ns  (logic 0.292ns (62.334%)  route 0.176ns (37.666%))
  Logic Levels:           1  (CARRY4=1)
  Clock Path Skew:        0.000ns (DCD - SCD - CPR)
    Destination Clock Delay (DCD):    1.980ns
    Source Clock Delay      (SCD):    1.468ns
    Clock Pessimism Removal (CPR):    0.512ns

    Location             Delay type                Incr(ns)  Path(ns)    Netlist Resource(s)
  -------------------------------------------------------------------    -------------------
                         (clock Clk rise edge)        0.000     0.000 r  
    W5                                                0.000     0.000 r  Clk (IN)
                         net (fo=0)                   0.000     0.000    Clk
    W5                   IBUF (Prop_ibuf_I_O)         0.226     0.226 r  Clk_IBUF_inst/O
                         net (fo=1, routed)           0.631     0.858    Clk_IBUF
    BUFGCTRL_X0Y0        BUFG (Prop_bufg_I_O)         0.026     0.884 r  Clk_IBUF_BUFG_inst/O
                         net (fo=20, routed)          0.585     1.468    Clk_IBUF_BUFG
    SLICE_X0Y22          FDRE                                         r  refresh_counter_reg[16]/C
  -------------------------------------------------------------------    -------------------
    SLICE_X0Y22          FDRE (Prop_fdre_C_Q)         0.141     1.609 r  refresh_counter_reg[16]/Q
                         net (fo=1, routed)           0.176     1.786    refresh_counter_reg_n_0_[16]
    SLICE_X0Y22          CARRY4 (Prop_carry4_S[0]_O[1])
                                                      0.151     1.937 r  refresh_counter_reg[16]_i_1/O[1]
                         net (fo=1, routed)           0.000     1.937    refresh_counter_reg[16]_i_1_n_6
    SLICE_X0Y22          FDRE                                         r  refresh_counter_reg[17]/D
  -------------------------------------------------------------------    -------------------

                         (clock Clk rise edge)        0.000     0.000 r  
    W5                                                0.000     0.000 r  Clk (IN)
                         net (fo=0)                   0.000     0.000    Clk
    W5                   IBUF (Prop_ibuf_I_O)         0.414     0.414 r  Clk_IBUF_inst/O
                         net (fo=1, routed)           0.685     1.099    Clk_IBUF
    BUFGCTRL_X0Y0        BUFG (Prop_bufg_I_O)         0.029     1.128 r  Clk_IBUF_BUFG_inst/O
                         net (fo=20, routed)          0.853     1.980    Clk_IBUF_BUFG
    SLICE_X0Y22          FDRE                                         r  refresh_counter_reg[17]/C
                         clock pessimism             -0.512     1.468    
    SLICE_X0Y22          FDRE (Hold_fdre_C_D)         0.105     1.573    refresh_counter_reg[17]
  -------------------------------------------------------------------
                         required time                         -1.573    
                         arrival time                           1.937    
  -------------------------------------------------------------------
                         slack                                  0.363    

Slack (MET) :             0.363ns  (arrival time - required time)
  Source:                 refresh_counter_reg[4]/C
                            (rising edge-triggered cell FDRE clocked by Clk  {rise@0.000ns fall@5.000ns period=10.000ns})
  Destination:            refresh_counter_reg[5]/D
                            (rising edge-triggered cell FDRE clocked by Clk  {rise@0.000ns fall@5.000ns period=10.000ns})
  Path Group:             Clk
  Path Type:              Hold (Min at Fast Process Corner)
  Requirement:            0.000ns  (Clk rise@0.000ns - Clk rise@0.000ns)
  Data Path Delay:        0.468ns  (logic 0.292ns (62.334%)  route 0.176ns (37.666%))
  Logic Levels:           1  (CARRY4=1)
  Clock Path Skew:        0.000ns (DCD - SCD - CPR)
    Destination Clock Delay (DCD):    1.983ns
    Source Clock Delay      (SCD):    1.470ns
    Clock Pessimism Removal (CPR):    0.513ns

    Location             Delay type                Incr(ns)  Path(ns)    Netlist Resource(s)
  -------------------------------------------------------------------    -------------------
                         (clock Clk rise edge)        0.000     0.000 r  
    W5                                                0.000     0.000 r  Clk (IN)
                         net (fo=0)                   0.000     0.000    Clk
    W5                   IBUF (Prop_ibuf_I_O)         0.226     0.226 r  Clk_IBUF_inst/O
                         net (fo=1, routed)           0.631     0.858    Clk_IBUF
    BUFGCTRL_X0Y0        BUFG (Prop_bufg_I_O)         0.026     0.884 r  Clk_IBUF_BUFG_inst/O
                         net (fo=20, routed)          0.587     1.470    Clk_IBUF_BUFG
    SLICE_X0Y19          FDRE                                         r  refresh_counter_reg[4]/C
  -------------------------------------------------------------------    -------------------
    SLICE_X0Y19          FDRE (Prop_fdre_C_Q)         0.141     1.611 r  refresh_counter_reg[4]/Q
                         net (fo=1, routed)           0.176     1.788    refresh_counter_reg_n_0_[4]
    SLICE_X0Y19          CARRY4 (Prop_carry4_S[0]_O[1])
                                                      0.151     1.939 r  refresh_counter_reg[4]_i_1/O[1]
                         net (fo=1, routed)           0.000     1.939    refresh_counter_reg[4]_i_1_n_6
    SLICE_X0Y19          FDRE                                         r  refresh_counter_reg[5]/D
  -------------------------------------------------------------------    -------------------

                         (clock Clk rise edge)        0.000     0.000 r  
    W5                                                0.000     0.000 r  Clk (IN)
                         net (fo=0)                   0.000     0.000    Clk
    W5                   IBUF (Prop_ibuf_I_O)         0.414     0.414 r  Clk_IBUF_inst/O
                         net (fo=1, routed)           0.685     1.099    Clk_IBUF
    BUFGCTRL_X0Y0        BUFG (Prop_bufg_I_O)         0.029     1.128 r  Clk_IBUF_BUFG_inst/O
                         net (fo=20, routed)          0.856     1.983    Clk_IBUF_BUFG
    SLICE_X0Y19          FDRE                                         r  refresh_counter_reg[5]/C
                         clock pessimism             -0.513     1.470    
    SLICE_X0Y19          FDRE (Hold_fdre_C_D)         0.105     1.575    refresh_counter_reg[5]
  -------------------------------------------------------------------
                         required time                         -1.575    
                         arrival time                           1.939    
  -------------------------------------------------------------------
                         slack                                  0.363    

Slack (MET) :             0.363ns  (arrival time - required time)
  Source:                 refresh_counter_reg[8]/C
                            (rising edge-triggered cell FDRE clocked by Clk  {rise@0.000ns fall@5.000ns period=10.000ns})
  Destination:            refresh_counter_reg[9]/D
                            (rising edge-triggered cell FDRE clocked by Clk  {rise@0.000ns fall@5.000ns period=10.000ns})
  Path Group:             Clk
  Path Type:              Hold (Min at Fast Process Corner)
  Requirement:            0.000ns  (Clk rise@0.000ns - Clk rise@0.000ns)
  Data Path Delay:        0.468ns  (logic 0.292ns (62.334%)  route 0.176ns (37.666%))
  Logic Levels:           1  (CARRY4=1)
  Clock Path Skew:        0.000ns (DCD - SCD - CPR)
    Destination Clock Delay (DCD):    1.982ns
    Source Clock Delay      (SCD):    1.469ns
    Clock Pessimism Removal (CPR):    0.513ns

    Location             Delay type                Incr(ns)  Path(ns)    Netlist Resource(s)
  -------------------------------------------------------------------    -------------------
                         (clock Clk rise edge)        0.000     0.000 r  
    W5                                                0.000     0.000 r  Clk (IN)
                         net (fo=0)                   0.000     0.000    Clk
    W5                   IBUF (Prop_ibuf_I_O)         0.226     0.226 r  Clk_IBUF_inst/O
                         net (fo=1, routed)           0.631     0.858    Clk_IBUF
    BUFGCTRL_X0Y0        BUFG (Prop_bufg_I_O)         0.026     0.884 r  Clk_IBUF_BUFG_inst/O
                         net (fo=20, routed)          0.586     1.469    Clk_IBUF_BUFG
    SLICE_X0Y20          FDRE                                         r  refresh_counter_reg[8]/C
  -------------------------------------------------------------------    -------------------
    SLICE_X0Y20          FDRE (Prop_fdre_C_Q)         0.141     1.610 r  refresh_counter_reg[8]/Q
                         net (fo=1, routed)           0.176     1.787    refresh_counter_reg_n_0_[8]
    SLICE_X0Y20          CARRY4 (Prop_carry4_S[0]_O[1])
                                                      0.151     1.938 r  refresh_counter_reg[8]_i_1/O[1]
                         net (fo=1, routed)           0.000     1.938    refresh_counter_reg[8]_i_1_n_6
    SLICE_X0Y20          FDRE                                         r  refresh_counter_reg[9]/D
  -------------------------------------------------------------------    -------------------

                         (clock Clk rise edge)        0.000     0.000 r  
    W5                                                0.000     0.000 r  Clk (IN)
                         net (fo=0)                   0.000     0.000    Clk
    W5                   IBUF (Prop_ibuf_I_O)         0.414     0.414 r  Clk_IBUF_inst/O
                         net (fo=1, routed)           0.685     1.099    Clk_IBUF
    BUFGCTRL_X0Y0        BUFG (Prop_bufg_I_O)         0.029     1.128 r  Clk_IBUF_BUFG_inst/O
                         net (fo=20, routed)          0.855     1.982    Clk_IBUF_BUFG
    SLICE_X0Y20          FDRE                                         r  refresh_counter_reg[9]/C
                         clock pessimism             -0.513     1.469    
    SLICE_X0Y20          FDRE (Hold_fdre_C_D)         0.105     1.574    refresh_counter_reg[9]
  -------------------------------------------------------------------
                         required time                         -1.574    
                         arrival time                           1.938    
  -------------------------------------------------------------------
                         slack                                  0.363    





Pulse Width Checks
--------------------------------------------------------------------------------------
Clock Name:         Clk
Waveform(ns):       { 0.000 5.000 }
Period(ns):         10.000
Sources:            { Clk }

Check Type        Corner  Lib Pin  Reference Pin  Required(ns)  Actual(ns)  Slack(ns)  Location       Pin
Min Period        n/a     BUFG/I   n/a            2.155         10.000      7.845      BUFGCTRL_X0Y0  Clk_IBUF_BUFG_inst/I
Min Period        n/a     FDRE/C   n/a            1.000         10.000      9.000      SLICE_X0Y18    refresh_counter_reg[0]/C
Min Period        n/a     FDRE/C   n/a            1.000         10.000      9.000      SLICE_X0Y20    refresh_counter_reg[10]/C
Min Period        n/a     FDRE/C   n/a            1.000         10.000      9.000      SLICE_X0Y20    refresh_counter_reg[11]/C
Min Period        n/a     FDRE/C   n/a            1.000         10.000      9.000      SLICE_X0Y21    refresh_counter_reg[12]/C
Min Period        n/a     FDRE/C   n/a            1.000         10.000      9.000      SLICE_X0Y21    refresh_counter_reg[13]/C
Min Period        n/a     FDRE/C   n/a            1.000         10.000      9.000      SLICE_X0Y21    refresh_counter_reg[14]/C
Min Period        n/a     FDRE/C   n/a            1.000         10.000      9.000      SLICE_X0Y21    refresh_counter_reg[15]/C
Min Period        n/a     FDRE/C   n/a            1.000         10.000      9.000      SLICE_X0Y22    refresh_counter_reg[16]/C
Min Period        n/a     FDRE/C   n/a            1.000         10.000      9.000      SLICE_X0Y22    refresh_counter_reg[17]/C
Low Pulse Width   Slow    FDRE/C   n/a            0.500         5.000       4.500      SLICE_X0Y18    refresh_counter_reg[0]/C
Low Pulse Width   Fast    FDRE/C   n/a            0.500         5.000       4.500      SLICE_X0Y18    refresh_counter_reg[0]/C
Low Pulse Width   Slow    FDRE/C   n/a            0.500         5.000       4.500      SLICE_X0Y20    refresh_counter_reg[10]/C
Low Pulse Width   Fast    FDRE/C   n/a            0.500         5.000       4.500      SLICE_X0Y20    refresh_counter_reg[10]/C
Low Pulse Width   Slow    FDRE/C   n/a            0.500         5.000       4.500      SLICE_X0Y20    refresh_counter_reg[11]/C
Low Pulse Width   Fast    FDRE/C   n/a            0.500         5.000       4.500      SLICE_X0Y20    refresh_counter_reg[11]/C
Low Pulse Width   Slow    FDRE/C   n/a            0.500         5.000       4.500      SLICE_X0Y21    refresh_counter_reg[12]/C
Low Pulse Width   Fast    FDRE/C   n/a            0.500         5.000       4.500      SLICE_X0Y21    refresh_counter_reg[12]/C
Low Pulse Width   Slow    FDRE/C   n/a            0.500         5.000       4.500      SLICE_X0Y21    refresh_counter_reg[13]/C
Low Pulse Width   Fast    FDRE/C   n/a            0.500         5.000       4.500      SLICE_X0Y21    refresh_counter_reg[13]/C
High Pulse Width  Slow    FDRE/C   n/a            0.500         5.000       4.500      SLICE_X0Y18    refresh_counter_reg[0]/C
High Pulse Width  Fast    FDRE/C   n/a            0.500         5.000       4.500      SLICE_X0Y18    refresh_counter_reg[0]/C
High Pulse Width  Slow    FDRE/C   n/a            0.500         5.000       4.500      SLICE_X0Y20    refresh_counter_reg[10]/C
High Pulse Width  Fast    FDRE/C   n/a            0.500         5.000       4.500      SLICE_X0Y20    refresh_counter_reg[10]/C
High Pulse Width  Slow    FDRE/C   n/a            0.500         5.000       4.500      SLICE_X0Y20    refresh_counter_reg[11]/C
High Pulse Width  Fast    FDRE/C   n/a            0.500         5.000       4.500      SLICE_X0Y20    refresh_counter_reg[11]/C
High Pulse Width  Slow    FDRE/C   n/a            0.500         5.000       4.500      SLICE_X0Y21    refresh_counter_reg[12]/C
High Pulse Width  Fast    FDRE/C   n/a            0.500         5.000       4.500      SLICE_X0Y21    refresh_counter_reg[12]/C
High Pulse Width  Slow    FDRE/C   n/a            0.500         5.000       4.500      SLICE_X0Y21    refresh_counter_reg[13]/C
High Pulse Width  Fast    FDRE/C   n/a            0.500         5.000       4.500      SLICE_X0Y21    refresh_counter_reg[13]/C



--------------------------------------------------------------------------------------
Path Group:  (none)
From Clock:  
  To Clock:  

Max Delay             7 Endpoints
Min Delay             7 Endpoints
--------------------------------------------------------------------------------------


Max Delay Paths
--------------------------------------------------------------------------------------
Slack:                    inf
  Source:                 Digit_3_Value[2]
                            (input port)
  Destination:            Display[6]
                            (output port)
  Path Group:             (none)
  Path Type:              Max at Slow Process Corner
  Data Path Delay:        12.013ns  (logic 5.465ns (45.493%)  route 6.548ns (54.507%))
  Logic Levels:           4  (IBUF=1 LUT4=1 LUT6=1 OBUF=1)

    Location             Delay type                Incr(ns)  Path(ns)    Netlist Resource(s)
  -------------------------------------------------------------------    -------------------
    W14                                               0.000     0.000 r  Digit_3_Value[2] (IN)
                         net (fo=0)                   0.000     0.000    Digit_3_Value[2]
    W14                  IBUF (Prop_ibuf_I_O)         1.450     1.450 r  Digit_3_Value_IBUF[2]_inst/O
                         net (fo=1, routed)           3.732     5.182    Digit_3_Value_IBUF[2]
    SLICE_X64Y22         LUT6 (Prop_lut6_I5_O)        0.124     5.306 r  Display_OBUF[6]_inst_i_4/O
                         net (fo=7, routed)           0.889     6.195    current_digit[2]
    SLICE_X65Y22         LUT4 (Prop_lut4_I2_O)        0.152     6.347 r  Display_OBUF[6]_inst_i_1/O
                         net (fo=1, routed)           1.927     8.274    Display_OBUF[6]
    U7                   OBUF (Prop_obuf_I_O)         3.739    12.013 r  Display_OBUF[6]_inst/O
                         net (fo=0)                   0.000    12.013    Display[6]
    U7                                                                r  Display[6] (OUT)
  -------------------------------------------------------------------    -------------------

Slack:                    inf
  Source:                 Digit_4_Value[1]
                            (input port)
  Destination:            Display[0]
                            (output port)
  Path Group:             (none)
  Path Type:              Max at Slow Process Corner
  Data Path Delay:        11.773ns  (logic 5.453ns (46.318%)  route 6.320ns (53.682%))
  Logic Levels:           4  (IBUF=1 LUT4=1 LUT6=1 OBUF=1)

    Location             Delay type                Incr(ns)  Path(ns)    Netlist Resource(s)
  -------------------------------------------------------------------    -------------------
    V16                                               0.000     0.000 r  Digit_4_Value[1] (IN)
                         net (fo=0)                   0.000     0.000    Digit_4_Value[1]
    V16                  IBUF (Prop_ibuf_I_O)         1.461     1.461 r  Digit_4_Value_IBUF[1]_inst/O
                         net (fo=1, routed)           3.674     5.135    Digit_4_Value_IBUF[1]
    SLICE_X64Y22         LUT6 (Prop_lut6_I2_O)        0.124     5.259 r  Display_OBUF[6]_inst_i_5/O
                         net (fo=7, routed)           0.835     6.095    current_digit[1]
    SLICE_X65Y22         LUT4 (Prop_lut4_I3_O)        0.154     6.249 r  Display_OBUF[0]_inst_i_1/O
                         net (fo=1, routed)           1.811     8.059    Display_OBUF[0]
    W7                   OBUF (Prop_obuf_I_O)         3.714    11.773 r  Display_OBUF[0]_inst/O
                         net (fo=0)                   0.000    11.773    Display[0]
    W7                                                                r  Display[0] (OUT)
  -------------------------------------------------------------------    -------------------

Slack:                    inf
  Source:                 Digit_3_Value[2]
                            (input port)
  Destination:            Display[3]
                            (output port)
  Path Group:             (none)
  Path Type:              Max at Slow Process Corner
  Data Path Delay:        11.760ns  (logic 5.463ns (46.455%)  route 6.297ns (53.545%))
  Logic Levels:           4  (IBUF=1 LUT4=1 LUT6=1 OBUF=1)

    Location             Delay type                Incr(ns)  Path(ns)    Netlist Resource(s)
  -------------------------------------------------------------------    -------------------
    W14                                               0.000     0.000 r  Digit_3_Value[2] (IN)
                         net (fo=0)                   0.000     0.000    Digit_3_Value[2]
    W14                  IBUF (Prop_ibuf_I_O)         1.450     1.450 r  Digit_3_Value_IBUF[2]_inst/O
                         net (fo=1, routed)           3.732     5.182    Digit_3_Value_IBUF[2]
    SLICE_X64Y22         LUT6 (Prop_lut6_I5_O)        0.124     5.306 r  Display_OBUF[6]_inst_i_4/O
                         net (fo=7, routed)           0.887     6.193    current_digit[2]
    SLICE_X65Y22         LUT4 (Prop_lut4_I1_O)        0.152     6.345 r  Display_OBUF[3]_inst_i_1/O
                         net (fo=1, routed)           1.678     8.023    Display_OBUF[3]
    V8                   OBUF (Prop_obuf_I_O)         3.738    11.760 r  Display_OBUF[3]_inst/O
                         net (fo=0)                   0.000    11.760    Display[3]
    V8                                                                r  Display[3] (OUT)
  -------------------------------------------------------------------    -------------------

Slack:                    inf
  Source:                 Digit_4_Value[1]
                            (input port)
  Destination:            Display[5]
                            (output port)
  Path Group:             (none)
  Path Type:              Max at Slow Process Corner
  Data Path Delay:        11.628ns  (logic 5.214ns (44.837%)  route 6.414ns (55.163%))
  Logic Levels:           4  (IBUF=1 LUT4=1 LUT6=1 OBUF=1)

    Location             Delay type                Incr(ns)  Path(ns)    Netlist Resource(s)
  -------------------------------------------------------------------    -------------------
    V16                                               0.000     0.000 r  Digit_4_Value[1] (IN)
                         net (fo=0)                   0.000     0.000    Digit_4_Value[1]
    V16                  IBUF (Prop_ibuf_I_O)         1.461     1.461 r  Digit_4_Value_IBUF[1]_inst/O
                         net (fo=1, routed)           3.674     5.135    Digit_4_Value_IBUF[1]
    SLICE_X64Y22         LUT6 (Prop_lut6_I2_O)        0.124     5.259 r  Display_OBUF[6]_inst_i_5/O
                         net (fo=7, routed)           0.835     6.095    current_digit[1]
    SLICE_X65Y22         LUT4 (Prop_lut4_I3_O)        0.124     6.219 r  Display_OBUF[5]_inst_i_1/O
                         net (fo=1, routed)           1.905     8.124    Display_OBUF[5]
    V5                   OBUF (Prop_obuf_I_O)         3.504    11.628 r  Display_OBUF[5]_inst/O
                         net (fo=0)                   0.000    11.628    Display[5]
    V5                                                                r  Display[5] (OUT)
  -------------------------------------------------------------------    -------------------

Slack:                    inf
  Source:                 Digit_4_Value[0]
                            (input port)
  Destination:            Display[4]
                            (output port)
  Path Group:             (none)
  Path Type:              Max at Slow Process Corner
  Data Path Delay:        11.618ns  (logic 5.221ns (44.938%)  route 6.397ns (55.062%))
  Logic Levels:           4  (IBUF=1 LUT4=1 LUT6=1 OBUF=1)

    Location             Delay type                Incr(ns)  Path(ns)    Netlist Resource(s)
  -------------------------------------------------------------------    -------------------
    V17                                               0.000     0.000 r  Digit_4_Value[0] (IN)
                         net (fo=0)                   0.000     0.000    Digit_4_Value[0]
    V17                  IBUF (Prop_ibuf_I_O)         1.453     1.453 r  Digit_4_Value_IBUF[0]_inst/O
                         net (fo=1, routed)           3.704     5.156    Digit_4_Value_IBUF[0]
    SLICE_X64Y22         LUT6 (Prop_lut6_I2_O)        0.124     5.280 r  Display_OBUF[6]_inst_i_3/O
                         net (fo=7, routed)           0.748     6.029    current_digit[0]
    SLICE_X65Y22         LUT4 (Prop_lut4_I3_O)        0.124     6.153 r  Display_OBUF[4]_inst_i_1/O
                         net (fo=1, routed)           1.945     8.098    Display_OBUF[4]
    U5                   OBUF (Prop_obuf_I_O)         3.520    11.618 r  Display_OBUF[4]_inst/O
                         net (fo=0)                   0.000    11.618    Display[4]
    U5                                                                r  Display[4] (OUT)
  -------------------------------------------------------------------    -------------------

Slack:                    inf
  Source:                 Digit_3_Value[2]
                            (input port)
  Destination:            Display[1]
                            (output port)
  Path Group:             (none)
  Path Type:              Max at Slow Process Corner
  Data Path Delay:        11.518ns  (logic 5.227ns (45.379%)  route 6.291ns (54.621%))
  Logic Levels:           4  (IBUF=1 LUT4=1 LUT6=1 OBUF=1)

    Location             Delay type                Incr(ns)  Path(ns)    Netlist Resource(s)
  -------------------------------------------------------------------    -------------------
    W14                                               0.000     0.000 r  Digit_3_Value[2] (IN)
                         net (fo=0)                   0.000     0.000    Digit_3_Value[2]
    W14                  IBUF (Prop_ibuf_I_O)         1.450     1.450 r  Digit_3_Value_IBUF[2]_inst/O
                         net (fo=1, routed)           3.732     5.182    Digit_3_Value_IBUF[2]
    SLICE_X64Y22         LUT6 (Prop_lut6_I5_O)        0.124     5.306 r  Display_OBUF[6]_inst_i_4/O
                         net (fo=7, routed)           0.887     6.193    current_digit[2]
    SLICE_X65Y22         LUT4 (Prop_lut4_I1_O)        0.124     6.317 r  Display_OBUF[1]_inst_i_1/O
                         net (fo=1, routed)           1.672     7.989    Display_OBUF[1]
    W6                   OBUF (Prop_obuf_I_O)         3.529    11.518 r  Display_OBUF[1]_inst/O
                         net (fo=0)                   0.000    11.518    Display[1]
    W6                                                                r  Display[1] (OUT)
  -------------------------------------------------------------------    -------------------

Slack:                    inf
  Source:                 Digit_3_Value[2]
                            (input port)
  Destination:            Display[2]
                            (output port)
  Path Group:             (none)
  Path Type:              Max at Slow Process Corner
  Data Path Delay:        11.380ns  (logic 5.233ns (45.985%)  route 6.147ns (54.015%))
  Logic Levels:           4  (IBUF=1 LUT4=1 LUT6=1 OBUF=1)

    Location             Delay type                Incr(ns)  Path(ns)    Netlist Resource(s)
  -------------------------------------------------------------------    -------------------
    W14                                               0.000     0.000 r  Digit_3_Value[2] (IN)
                         net (fo=0)                   0.000     0.000    Digit_3_Value[2]
    W14                  IBUF (Prop_ibuf_I_O)         1.450     1.450 r  Digit_3_Value_IBUF[2]_inst/O
                         net (fo=1, routed)           3.732     5.182    Digit_3_Value_IBUF[2]
    SLICE_X64Y22         LUT6 (Prop_lut6_I5_O)        0.124     5.306 r  Display_OBUF[6]_inst_i_4/O
                         net (fo=7, routed)           0.889     6.195    current_digit[2]
    SLICE_X65Y22         LUT4 (Prop_lut4_I3_O)        0.124     6.319 r  Display_OBUF[2]_inst_i_1/O
                         net (fo=1, routed)           1.525     7.844    Display_OBUF[2]
    U8                   OBUF (Prop_obuf_I_O)         3.535    11.380 r  Display_OBUF[2]_inst/O
                         net (fo=0)                   0.000    11.380    Display[2]
    U8                                                                r  Display[2] (OUT)
  -------------------------------------------------------------------    -------------------





Min Delay Paths
--------------------------------------------------------------------------------------
Slack:                    inf
  Source:                 Digit_1_Value[0]
                            (input port)
  Destination:            Display[2]
                            (output port)
  Path Group:             (none)
  Path Type:              Min at Fast Process Corner
  Data Path Delay:        2.730ns  (logic 1.563ns (57.239%)  route 1.167ns (42.761%))
  Logic Levels:           4  (IBUF=1 LUT4=1 LUT6=1 OBUF=1)

    Location             Delay type                Incr(ns)  Path(ns)    Netlist Resource(s)
  -------------------------------------------------------------------    -------------------
    W2                                                0.000     0.000 f  Digit_1_Value[0] (IN)
                         net (fo=0)                   0.000     0.000    Digit_1_Value[0]
    W2                   IBUF (Prop_ibuf_I_O)         0.237     0.237 f  Digit_1_Value_IBUF[0]_inst/O
                         net (fo=1, routed)           0.657     0.894    Digit_1_Value_IBUF[0]
    SLICE_X64Y22         LUT6 (Prop_lut6_I1_O)        0.045     0.939 f  Display_OBUF[6]_inst_i_3/O
                         net (fo=7, routed)           0.230     1.169    current_digit[0]
    SLICE_X65Y22         LUT4 (Prop_lut4_I1_O)        0.045     1.214 r  Display_OBUF[2]_inst_i_1/O
                         net (fo=1, routed)           0.280     1.494    Display_OBUF[2]
    U8                   OBUF (Prop_obuf_I_O)         1.236     2.730 r  Display_OBUF[2]_inst/O
                         net (fo=0)                   0.000     2.730    Display[2]
    U8                                                                r  Display[2] (OUT)
  -------------------------------------------------------------------    -------------------

Slack:                    inf
  Source:                 Digit_1_Value[0]
                            (input port)
  Destination:            Display[1]
                            (output port)
  Path Group:             (none)
  Path Type:              Min at Fast Process Corner
  Data Path Delay:        2.771ns  (logic 1.557ns (56.180%)  route 1.214ns (43.820%))
  Logic Levels:           4  (IBUF=1 LUT4=1 LUT6=1 OBUF=1)

    Location             Delay type                Incr(ns)  Path(ns)    Netlist Resource(s)
  -------------------------------------------------------------------    -------------------
    W2                                                0.000     0.000 r  Digit_1_Value[0] (IN)
                         net (fo=0)                   0.000     0.000    Digit_1_Value[0]
    W2                   IBUF (Prop_ibuf_I_O)         0.237     0.237 r  Digit_1_Value_IBUF[0]_inst/O
                         net (fo=1, routed)           0.657     0.894    Digit_1_Value_IBUF[0]
    SLICE_X64Y22         LUT6 (Prop_lut6_I1_O)        0.045     0.939 r  Display_OBUF[6]_inst_i_3/O
                         net (fo=7, routed)           0.230     1.169    current_digit[0]
    SLICE_X65Y22         LUT4 (Prop_lut4_I3_O)        0.045     1.214 r  Display_OBUF[1]_inst_i_1/O
                         net (fo=1, routed)           0.327     1.541    Display_OBUF[1]
    W6                   OBUF (Prop_obuf_I_O)         1.230     2.771 r  Display_OBUF[1]_inst/O
                         net (fo=0)                   0.000     2.771    Display[1]
    W6                                                                r  Display[1] (OUT)
  -------------------------------------------------------------------    -------------------

Slack:                    inf
  Source:                 Digit_2_Value[1]
                            (input port)
  Destination:            Display[4]
                            (output port)
  Path Group:             (none)
  Path Type:              Min at Fast Process Corner
  Data Path Delay:        2.814ns  (logic 1.531ns (54.405%)  route 1.283ns (45.595%))
  Logic Levels:           4  (IBUF=1 LUT4=1 LUT6=1 OBUF=1)

    Location             Delay type                Incr(ns)  Path(ns)    Netlist Resource(s)
  -------------------------------------------------------------------    -------------------
    T3                                                0.000     0.000 f  Digit_2_Value[1] (IN)
                         net (fo=0)                   0.000     0.000    Digit_2_Value[1]
    T3                   IBUF (Prop_ibuf_I_O)         0.220     0.220 f  Digit_2_Value_IBUF[1]_inst/O
                         net (fo=1, routed)           0.693     0.914    Digit_2_Value_IBUF[1]
    SLICE_X64Y22         LUT6 (Prop_lut6_I0_O)        0.045     0.959 f  Display_OBUF[6]_inst_i_5/O
                         net (fo=7, routed)           0.135     1.094    current_digit[1]
    SLICE_X65Y22         LUT4 (Prop_lut4_I1_O)        0.045     1.139 r  Display_OBUF[4]_inst_i_1/O
                         net (fo=1, routed)           0.455     1.594    Display_OBUF[4]
    U5                   OBUF (Prop_obuf_I_O)         1.221     2.814 r  Display_OBUF[4]_inst/O
                         net (fo=0)                   0.000     2.814    Display[4]
    U5                                                                r  Display[4] (OUT)
  -------------------------------------------------------------------    -------------------

Slack:                    inf
  Source:                 Digit_1_Value[0]
                            (input port)
  Destination:            Display[3]
                            (output port)
  Path Group:             (none)
  Path Type:              Min at Fast Process Corner
  Data Path Delay:        2.839ns  (logic 1.624ns (57.207%)  route 1.215ns (42.793%))
  Logic Levels:           4  (IBUF=1 LUT4=1 LUT6=1 OBUF=1)

    Location             Delay type                Incr(ns)  Path(ns)    Netlist Resource(s)
  -------------------------------------------------------------------    -------------------
    W2                                                0.000     0.000 r  Digit_1_Value[0] (IN)
                         net (fo=0)                   0.000     0.000    Digit_1_Value[0]
    W2                   IBUF (Prop_ibuf_I_O)         0.237     0.237 r  Digit_1_Value_IBUF[0]_inst/O
                         net (fo=1, routed)           0.657     0.894    Digit_1_Value_IBUF[0]
    SLICE_X64Y22         LUT6 (Prop_lut6_I1_O)        0.045     0.939 r  Display_OBUF[6]_inst_i_3/O
                         net (fo=7, routed)           0.230     1.169    current_digit[0]
    SLICE_X65Y22         LUT4 (Prop_lut4_I2_O)        0.044     1.213 r  Display_OBUF[3]_inst_i_1/O
                         net (fo=1, routed)           0.328     1.541    Display_OBUF[3]
    V8                   OBUF (Prop_obuf_I_O)         1.298     2.839 r  Display_OBUF[3]_inst/O
                         net (fo=0)                   0.000     2.839    Display[3]
    V8                                                                r  Display[3] (OUT)
  -------------------------------------------------------------------    -------------------

Slack:                    inf
  Source:                 Digit_1_Value[2]
                            (input port)
  Destination:            Display[5]
                            (output port)
  Path Group:             (none)
  Path Type:              Min at Fast Process Corner
  Data Path Delay:        2.874ns  (logic 1.519ns (52.844%)  route 1.355ns (47.156%))
  Logic Levels:           4  (IBUF=1 LUT4=1 LUT6=1 OBUF=1)

    Location             Delay type                Incr(ns)  Path(ns)    Netlist Resource(s)
  -------------------------------------------------------------------    -------------------
    T1                                                0.000     0.000 r  Digit_1_Value[2] (IN)
                         net (fo=0)                   0.000     0.000    Digit_1_Value[2]
    T1                   IBUF (Prop_ibuf_I_O)         0.223     0.223 r  Digit_1_Value_IBUF[2]_inst/O
                         net (fo=1, routed)           0.696     0.919    Digit_1_Value_IBUF[2]
    SLICE_X64Y22         LUT6 (Prop_lut6_I1_O)        0.045     0.964 r  Display_OBUF[6]_inst_i_4/O
                         net (fo=7, routed)           0.241     1.205    current_digit[2]
    SLICE_X65Y22         LUT4 (Prop_lut4_I1_O)        0.045     1.250 r  Display_OBUF[5]_inst_i_1/O
                         net (fo=1, routed)           0.418     1.669    Display_OBUF[5]
    V5                   OBUF (Prop_obuf_I_O)         1.206     2.874 r  Display_OBUF[5]_inst/O
                         net (fo=0)                   0.000     2.874    Display[5]
    V5                                                                r  Display[5] (OUT)
  -------------------------------------------------------------------    -------------------

Slack:                    inf
  Source:                 Digit_1_Value[2]
                            (input port)
  Destination:            Display[0]
                            (output port)
  Path Group:             (none)
  Path Type:              Min at Fast Process Corner
  Data Path Delay:        2.921ns  (logic 1.588ns (54.367%)  route 1.333ns (45.633%))
  Logic Levels:           4  (IBUF=1 LUT4=1 LUT6=1 OBUF=1)

    Location             Delay type                Incr(ns)  Path(ns)    Netlist Resource(s)
  -------------------------------------------------------------------    -------------------
    T1                                                0.000     0.000 r  Digit_1_Value[2] (IN)
                         net (fo=0)                   0.000     0.000    Digit_1_Value[2]
    T1                   IBUF (Prop_ibuf_I_O)         0.223     0.223 r  Digit_1_Value_IBUF[2]_inst/O
                         net (fo=1, routed)           0.696     0.919    Digit_1_Value_IBUF[2]
    SLICE_X64Y22         LUT6 (Prop_lut6_I1_O)        0.045     0.964 r  Display_OBUF[6]_inst_i_4/O
                         net (fo=7, routed)           0.241     1.205    current_digit[2]
    SLICE_X65Y22         LUT4 (Prop_lut4_I1_O)        0.043     1.248 r  Display_OBUF[0]_inst_i_1/O
                         net (fo=1, routed)           0.396     1.644    Display_OBUF[0]
    W7                   OBUF (Prop_obuf_I_O)         1.277     2.921 r  Display_OBUF[0]_inst/O
                         net (fo=0)                   0.000     2.921    Display[0]
    W7                                                                r  Display[0] (OUT)
  -------------------------------------------------------------------    -------------------

Slack:                    inf
  Source:                 Digit_1_Value[0]
                            (input port)
  Destination:            Display[6]
                            (output port)
  Path Group:             (none)
  Path Type:              Min at Fast Process Corner
  Data Path Delay:        2.963ns  (logic 1.624ns (54.814%)  route 1.339ns (45.186%))
  Logic Levels:           4  (IBUF=1 LUT4=1 LUT6=1 OBUF=1)

    Location             Delay type                Incr(ns)  Path(ns)    Netlist Resource(s)
  -------------------------------------------------------------------    -------------------
    W2                                                0.000     0.000 r  Digit_1_Value[0] (IN)
                         net (fo=0)                   0.000     0.000    Digit_1_Value[0]
    W2                   IBUF (Prop_ibuf_I_O)         0.237     0.237 r  Digit_1_Value_IBUF[0]_inst/O
                         net (fo=1, routed)           0.657     0.894    Digit_1_Value_IBUF[0]
    SLICE_X64Y22         LUT6 (Prop_lut6_I1_O)        0.045     0.939 r  Display_OBUF[6]_inst_i_3/O
                         net (fo=7, routed)           0.230     1.169    current_digit[0]
    SLICE_X65Y22         LUT4 (Prop_lut4_I1_O)        0.043     1.212 r  Display_OBUF[6]_inst_i_1/O
                         net (fo=1, routed)           0.452     1.663    Display_OBUF[6]
    U7                   OBUF (Prop_obuf_I_O)         1.299     2.963 r  Display_OBUF[6]_inst/O
                         net (fo=0)                   0.000     2.963    Display[6]
    U7                                                                r  Display[6] (OUT)
  -------------------------------------------------------------------    -------------------





--------------------------------------------------------------------------------------
Path Group:  (none)
From Clock:  Clk
  To Clock:  

Max Delay            11 Endpoints
Min Delay            11 Endpoints
--------------------------------------------------------------------------------------


Max Delay Paths
--------------------------------------------------------------------------------------
Slack:                    inf
  Source:                 refresh_counter_reg[18]/C
                            (rising edge-triggered cell FDRE clocked by Clk  {rise@0.000ns fall@5.000ns period=10.000ns})
  Destination:            Display[6]
                            (output port)
  Path Group:             (none)
  Path Type:              Max at Slow Process Corner
  Data Path Delay:        10.164ns  (logic 4.471ns (43.992%)  route 5.693ns (56.008%))
  Logic Levels:           3  (LUT4=1 LUT6=1 OBUF=1)
  Clock Uncertainty:      0.025ns  ((TSJ^2 + TIJ^2)^1/2 + DJ) / 2 + PE
    Total System Jitter     (TSJ):    0.050ns
    Total Input Jitter      (TIJ):    0.000ns
    Discrete Jitter          (DJ):    0.000ns
    Phase Error              (PE):    0.000ns

    Location             Delay type                Incr(ns)  Path(ns)    Netlist Resource(s)
  -------------------------------------------------------------------    -------------------
                         (clock Clk rise edge)        0.000     0.000 r  
    W5                                                0.000     0.000 r  Clk (IN)
                         net (fo=0)                   0.000     0.000    Clk
    W5                   IBUF (Prop_ibuf_I_O)         1.458     1.458 r  Clk_IBUF_inst/O
                         net (fo=1, routed)           1.967     3.425    Clk_IBUF
    BUFGCTRL_X0Y0        BUFG (Prop_bufg_I_O)         0.096     3.521 r  Clk_IBUF_BUFG_inst/O
                         net (fo=20, routed)          1.621     5.142    Clk_IBUF_BUFG
    SLICE_X0Y22          FDRE                                         r  refresh_counter_reg[18]/C
  -------------------------------------------------------------------    -------------------
    SLICE_X0Y22          FDRE (Prop_fdre_C_Q)         0.456     5.598 r  refresh_counter_reg[18]/Q
                         net (fo=9, routed)           2.877     8.475    LED_active_pos[0]
    SLICE_X64Y22         LUT6 (Prop_lut6_I3_O)        0.124     8.599 r  Display_OBUF[6]_inst_i_4/O
                         net (fo=7, routed)           0.889     9.488    current_digit[2]
    SLICE_X65Y22         LUT4 (Prop_lut4_I2_O)        0.152     9.640 r  Display_OBUF[6]_inst_i_1/O
                         net (fo=1, routed)           1.927    11.567    Display_OBUF[6]
    U7                   OBUF (Prop_obuf_I_O)         3.739    15.307 r  Display_OBUF[6]_inst/O
                         net (fo=0)                   0.000    15.307    Display[6]
    U7                                                                r  Display[6] (OUT)
  -------------------------------------------------------------------    -------------------

Slack:                    inf
  Source:                 refresh_counter_reg[18]/C
                            (rising edge-triggered cell FDRE clocked by Clk  {rise@0.000ns fall@5.000ns period=10.000ns})
  Destination:            Display[0]
                            (output port)
  Path Group:             (none)
  Path Type:              Max at Slow Process Corner
  Data Path Delay:        9.987ns  (logic 4.448ns (44.533%)  route 5.540ns (55.467%))
  Logic Levels:           3  (LUT4=1 LUT6=1 OBUF=1)
  Clock Uncertainty:      0.025ns  ((TSJ^2 + TIJ^2)^1/2 + DJ) / 2 + PE
    Total System Jitter     (TSJ):    0.050ns
    Total Input Jitter      (TIJ):    0.000ns
    Discrete Jitter          (DJ):    0.000ns
    Phase Error              (PE):    0.000ns

    Location             Delay type                Incr(ns)  Path(ns)    Netlist Resource(s)
  -------------------------------------------------------------------    -------------------
                         (clock Clk rise edge)        0.000     0.000 r  
    W5                                                0.000     0.000 r  Clk (IN)
                         net (fo=0)                   0.000     0.000    Clk
    W5                   IBUF (Prop_ibuf_I_O)         1.458     1.458 r  Clk_IBUF_inst/O
                         net (fo=1, routed)           1.967     3.425    Clk_IBUF
    BUFGCTRL_X0Y0        BUFG (Prop_bufg_I_O)         0.096     3.521 r  Clk_IBUF_BUFG_inst/O
                         net (fo=20, routed)          1.621     5.142    Clk_IBUF_BUFG
    SLICE_X0Y22          FDRE                                         r  refresh_counter_reg[18]/C
  -------------------------------------------------------------------    -------------------
    SLICE_X0Y22          FDRE (Prop_fdre_C_Q)         0.456     5.598 r  refresh_counter_reg[18]/Q
                         net (fo=9, routed)           2.894     8.492    LED_active_pos[0]
    SLICE_X64Y22         LUT6 (Prop_lut6_I3_O)        0.124     8.616 r  Display_OBUF[6]_inst_i_5/O
                         net (fo=7, routed)           0.835     9.451    current_digit[1]
    SLICE_X65Y22         LUT4 (Prop_lut4_I3_O)        0.154     9.605 r  Display_OBUF[0]_inst_i_1/O
                         net (fo=1, routed)           1.811    11.416    Display_OBUF[0]
    W7                   OBUF (Prop_obuf_I_O)         3.714    15.130 r  Display_OBUF[0]_inst/O
                         net (fo=0)                   0.000    15.130    Display[0]
    W7                                                                r  Display[0] (OUT)
  -------------------------------------------------------------------    -------------------

Slack:                    inf
  Source:                 refresh_counter_reg[18]/C
                            (rising edge-triggered cell FDRE clocked by Clk  {rise@0.000ns fall@5.000ns period=10.000ns})
  Destination:            Display[3]
                            (output port)
  Path Group:             (none)
  Path Type:              Max at Slow Process Corner
  Data Path Delay:        9.912ns  (logic 4.470ns (45.095%)  route 5.442ns (54.905%))
  Logic Levels:           3  (LUT4=1 LUT6=1 OBUF=1)
  Clock Uncertainty:      0.025ns  ((TSJ^2 + TIJ^2)^1/2 + DJ) / 2 + PE
    Total System Jitter     (TSJ):    0.050ns
    Total Input Jitter      (TIJ):    0.000ns
    Discrete Jitter          (DJ):    0.000ns
    Phase Error              (PE):    0.000ns

    Location             Delay type                Incr(ns)  Path(ns)    Netlist Resource(s)
  -------------------------------------------------------------------    -------------------
                         (clock Clk rise edge)        0.000     0.000 r  
    W5                                                0.000     0.000 r  Clk (IN)
                         net (fo=0)                   0.000     0.000    Clk
    W5                   IBUF (Prop_ibuf_I_O)         1.458     1.458 r  Clk_IBUF_inst/O
                         net (fo=1, routed)           1.967     3.425    Clk_IBUF
    BUFGCTRL_X0Y0        BUFG (Prop_bufg_I_O)         0.096     3.521 r  Clk_IBUF_BUFG_inst/O
                         net (fo=20, routed)          1.621     5.142    Clk_IBUF_BUFG
    SLICE_X0Y22          FDRE                                         r  refresh_counter_reg[18]/C
  -------------------------------------------------------------------    -------------------
    SLICE_X0Y22          FDRE (Prop_fdre_C_Q)         0.456     5.598 r  refresh_counter_reg[18]/Q
                         net (fo=9, routed)           2.877     8.475    LED_active_pos[0]
    SLICE_X64Y22         LUT6 (Prop_lut6_I3_O)        0.124     8.599 r  Display_OBUF[6]_inst_i_4/O
                         net (fo=7, routed)           0.887     9.486    current_digit[2]
    SLICE_X65Y22         LUT4 (Prop_lut4_I1_O)        0.152     9.638 r  Display_OBUF[3]_inst_i_1/O
                         net (fo=1, routed)           1.678    11.316    Display_OBUF[3]
    V8                   OBUF (Prop_obuf_I_O)         3.738    15.054 r  Display_OBUF[3]_inst/O
                         net (fo=0)                   0.000    15.054    Display[3]
    V8                                                                r  Display[3] (OUT)
  -------------------------------------------------------------------    -------------------

Slack:                    inf
  Source:                 refresh_counter_reg[18]/C
                            (rising edge-triggered cell FDRE clocked by Clk  {rise@0.000ns fall@5.000ns period=10.000ns})
  Destination:            Display[5]
                            (output port)
  Path Group:             (none)
  Path Type:              Max at Slow Process Corner
  Data Path Delay:        9.842ns  (logic 4.208ns (42.758%)  route 5.634ns (57.242%))
  Logic Levels:           3  (LUT4=1 LUT6=1 OBUF=1)
  Clock Uncertainty:      0.025ns  ((TSJ^2 + TIJ^2)^1/2 + DJ) / 2 + PE
    Total System Jitter     (TSJ):    0.050ns
    Total Input Jitter      (TIJ):    0.000ns
    Discrete Jitter          (DJ):    0.000ns
    Phase Error              (PE):    0.000ns

    Location             Delay type                Incr(ns)  Path(ns)    Netlist Resource(s)
  -------------------------------------------------------------------    -------------------
                         (clock Clk rise edge)        0.000     0.000 r  
    W5                                                0.000     0.000 r  Clk (IN)
                         net (fo=0)                   0.000     0.000    Clk
    W5                   IBUF (Prop_ibuf_I_O)         1.458     1.458 r  Clk_IBUF_inst/O
                         net (fo=1, routed)           1.967     3.425    Clk_IBUF
    BUFGCTRL_X0Y0        BUFG (Prop_bufg_I_O)         0.096     3.521 r  Clk_IBUF_BUFG_inst/O
                         net (fo=20, routed)          1.621     5.142    Clk_IBUF_BUFG
    SLICE_X0Y22          FDRE                                         r  refresh_counter_reg[18]/C
  -------------------------------------------------------------------    -------------------
    SLICE_X0Y22          FDRE (Prop_fdre_C_Q)         0.456     5.598 r  refresh_counter_reg[18]/Q
                         net (fo=9, routed)           2.894     8.492    LED_active_pos[0]
    SLICE_X64Y22         LUT6 (Prop_lut6_I3_O)        0.124     8.616 r  Display_OBUF[6]_inst_i_5/O
                         net (fo=7, routed)           0.835     9.451    current_digit[1]
    SLICE_X65Y22         LUT4 (Prop_lut4_I3_O)        0.124     9.575 r  Display_OBUF[5]_inst_i_1/O
                         net (fo=1, routed)           1.905    11.480    Display_OBUF[5]
    V5                   OBUF (Prop_obuf_I_O)         3.504    14.985 r  Display_OBUF[5]_inst/O
                         net (fo=0)                   0.000    14.985    Display[5]
    V5                                                                r  Display[5] (OUT)
  -------------------------------------------------------------------    -------------------

Slack:                    inf
  Source:                 refresh_counter_reg[18]/C
                            (rising edge-triggered cell FDRE clocked by Clk  {rise@0.000ns fall@5.000ns period=10.000ns})
  Destination:            Display[4]
                            (output port)
  Path Group:             (none)
  Path Type:              Max at Slow Process Corner
  Data Path Delay:        9.725ns  (logic 4.224ns (43.434%)  route 5.501ns (56.566%))
  Logic Levels:           3  (LUT4=1 LUT6=1 OBUF=1)
  Clock Uncertainty:      0.025ns  ((TSJ^2 + TIJ^2)^1/2 + DJ) / 2 + PE
    Total System Jitter     (TSJ):    0.050ns
    Total Input Jitter      (TIJ):    0.000ns
    Discrete Jitter          (DJ):    0.000ns
    Phase Error              (PE):    0.000ns

    Location             Delay type                Incr(ns)  Path(ns)    Netlist Resource(s)
  -------------------------------------------------------------------    -------------------
                         (clock Clk rise edge)        0.000     0.000 r  
    W5                                                0.000     0.000 r  Clk (IN)
                         net (fo=0)                   0.000     0.000    Clk
    W5                   IBUF (Prop_ibuf_I_O)         1.458     1.458 r  Clk_IBUF_inst/O
                         net (fo=1, routed)           1.967     3.425    Clk_IBUF
    BUFGCTRL_X0Y0        BUFG (Prop_bufg_I_O)         0.096     3.521 r  Clk_IBUF_BUFG_inst/O
                         net (fo=20, routed)          1.621     5.142    Clk_IBUF_BUFG
    SLICE_X0Y22          FDRE                                         r  refresh_counter_reg[18]/C
  -------------------------------------------------------------------    -------------------
    SLICE_X0Y22          FDRE (Prop_fdre_C_Q)         0.456     5.598 r  refresh_counter_reg[18]/Q
                         net (fo=9, routed)           2.877     8.475    LED_active_pos[0]
    SLICE_X64Y22         LUT6 (Prop_lut6_I3_O)        0.124     8.599 r  Display_OBUF[6]_inst_i_4/O
                         net (fo=7, routed)           0.679     9.278    current_digit[2]
    SLICE_X65Y22         LUT4 (Prop_lut4_I2_O)        0.124     9.402 r  Display_OBUF[4]_inst_i_1/O
                         net (fo=1, routed)           1.945    11.347    Display_OBUF[4]
    U5                   OBUF (Prop_obuf_I_O)         3.520    14.867 r  Display_OBUF[4]_inst/O
                         net (fo=0)                   0.000    14.867    Display[4]
    U5                                                                r  Display[4] (OUT)
  -------------------------------------------------------------------    -------------------

Slack:                    inf
  Source:                 refresh_counter_reg[18]/C
                            (rising edge-triggered cell FDRE clocked by Clk  {rise@0.000ns fall@5.000ns period=10.000ns})
  Destination:            Display[1]
                            (output port)
  Path Group:             (none)
  Path Type:              Max at Slow Process Corner
  Data Path Delay:        9.669ns  (logic 4.233ns (43.779%)  route 5.436ns (56.221%))
  Logic Levels:           3  (LUT4=1 LUT6=1 OBUF=1)
  Clock Uncertainty:      0.025ns  ((TSJ^2 + TIJ^2)^1/2 + DJ) / 2 + PE
    Total System Jitter     (TSJ):    0.050ns
    Total Input Jitter      (TIJ):    0.000ns
    Discrete Jitter          (DJ):    0.000ns
    Phase Error              (PE):    0.000ns

    Location             Delay type                Incr(ns)  Path(ns)    Netlist Resource(s)
  -------------------------------------------------------------------    -------------------
                         (clock Clk rise edge)        0.000     0.000 r  
    W5                                                0.000     0.000 r  Clk (IN)
                         net (fo=0)                   0.000     0.000    Clk
    W5                   IBUF (Prop_ibuf_I_O)         1.458     1.458 r  Clk_IBUF_inst/O
                         net (fo=1, routed)           1.967     3.425    Clk_IBUF
    BUFGCTRL_X0Y0        BUFG (Prop_bufg_I_O)         0.096     3.521 r  Clk_IBUF_BUFG_inst/O
                         net (fo=20, routed)          1.621     5.142    Clk_IBUF_BUFG
    SLICE_X0Y22          FDRE                                         r  refresh_counter_reg[18]/C
  -------------------------------------------------------------------    -------------------
    SLICE_X0Y22          FDRE (Prop_fdre_C_Q)         0.456     5.598 r  refresh_counter_reg[18]/Q
                         net (fo=9, routed)           2.877     8.475    LED_active_pos[0]
    SLICE_X64Y22         LUT6 (Prop_lut6_I3_O)        0.124     8.599 r  Display_OBUF[6]_inst_i_4/O
                         net (fo=7, routed)           0.887     9.486    current_digit[2]
    SLICE_X65Y22         LUT4 (Prop_lut4_I1_O)        0.124     9.610 r  Display_OBUF[1]_inst_i_1/O
                         net (fo=1, routed)           1.672    11.283    Display_OBUF[1]
    W6                   OBUF (Prop_obuf_I_O)         3.529    14.812 r  Display_OBUF[1]_inst/O
                         net (fo=0)                   0.000    14.812    Display[1]
    W6                                                                r  Display[1] (OUT)
  -------------------------------------------------------------------    -------------------

Slack:                    inf
  Source:                 refresh_counter_reg[18]/C
                            (rising edge-triggered cell FDRE clocked by Clk  {rise@0.000ns fall@5.000ns period=10.000ns})
  Destination:            Display[2]
                            (output port)
  Path Group:             (none)
  Path Type:              Max at Slow Process Corner
  Data Path Delay:        9.531ns  (logic 4.239ns (44.479%)  route 5.291ns (55.521%))
  Logic Levels:           3  (LUT4=1 LUT6=1 OBUF=1)
  Clock Uncertainty:      0.025ns  ((TSJ^2 + TIJ^2)^1/2 + DJ) / 2 + PE
    Total System Jitter     (TSJ):    0.050ns
    Total Input Jitter      (TIJ):    0.000ns
    Discrete Jitter          (DJ):    0.000ns
    Phase Error              (PE):    0.000ns

    Location             Delay type                Incr(ns)  Path(ns)    Netlist Resource(s)
  -------------------------------------------------------------------    -------------------
                         (clock Clk rise edge)        0.000     0.000 r  
    W5                                                0.000     0.000 r  Clk (IN)
                         net (fo=0)                   0.000     0.000    Clk
    W5                   IBUF (Prop_ibuf_I_O)         1.458     1.458 r  Clk_IBUF_inst/O
                         net (fo=1, routed)           1.967     3.425    Clk_IBUF
    BUFGCTRL_X0Y0        BUFG (Prop_bufg_I_O)         0.096     3.521 r  Clk_IBUF_BUFG_inst/O
                         net (fo=20, routed)          1.621     5.142    Clk_IBUF_BUFG
    SLICE_X0Y22          FDRE                                         r  refresh_counter_reg[18]/C
  -------------------------------------------------------------------    -------------------
    SLICE_X0Y22          FDRE (Prop_fdre_C_Q)         0.456     5.598 r  refresh_counter_reg[18]/Q
                         net (fo=9, routed)           2.877     8.475    LED_active_pos[0]
    SLICE_X64Y22         LUT6 (Prop_lut6_I3_O)        0.124     8.599 r  Display_OBUF[6]_inst_i_4/O
                         net (fo=7, routed)           0.889     9.488    current_digit[2]
    SLICE_X65Y22         LUT4 (Prop_lut4_I3_O)        0.124     9.612 r  Display_OBUF[2]_inst_i_1/O
                         net (fo=1, routed)           1.525    11.138    Display_OBUF[2]
    U8                   OBUF (Prop_obuf_I_O)         3.535    14.673 r  Display_OBUF[2]_inst/O
                         net (fo=0)                   0.000    14.673    Display[2]
    U8                                                                r  Display[2] (OUT)
  -------------------------------------------------------------------    -------------------

Slack:                    inf
  Source:                 refresh_counter_reg[18]/C
                            (rising edge-triggered cell FDRE clocked by Clk  {rise@0.000ns fall@5.000ns period=10.000ns})
  Destination:            AN[3]
                            (output port)
  Path Group:             (none)
  Path Type:              Max at Slow Process Corner
  Data Path Delay:        9.518ns  (logic 4.326ns (45.455%)  route 5.192ns (54.545%))
  Logic Levels:           2  (LUT2=1 OBUF=1)
  Clock Uncertainty:      0.025ns  ((TSJ^2 + TIJ^2)^1/2 + DJ) / 2 + PE
    Total System Jitter     (TSJ):    0.050ns
    Total Input Jitter      (TIJ):    0.000ns
    Discrete Jitter          (DJ):    0.000ns
    Phase Error              (PE):    0.000ns

    Location             Delay type                Incr(ns)  Path(ns)    Netlist Resource(s)
  -------------------------------------------------------------------    -------------------
                         (clock Clk rise edge)        0.000     0.000 r  
    W5                                                0.000     0.000 r  Clk (IN)
                         net (fo=0)                   0.000     0.000    Clk
    W5                   IBUF (Prop_ibuf_I_O)         1.458     1.458 r  Clk_IBUF_inst/O
                         net (fo=1, routed)           1.967     3.425    Clk_IBUF
    BUFGCTRL_X0Y0        BUFG (Prop_bufg_I_O)         0.096     3.521 r  Clk_IBUF_BUFG_inst/O
                         net (fo=20, routed)          1.621     5.142    Clk_IBUF_BUFG
    SLICE_X0Y22          FDRE                                         r  refresh_counter_reg[18]/C
  -------------------------------------------------------------------    -------------------
    SLICE_X0Y22          FDRE (Prop_fdre_C_Q)         0.456     5.598 r  refresh_counter_reg[18]/Q
                         net (fo=9, routed)           3.384     8.982    LED_active_pos[0]
    SLICE_X65Y26         LUT2 (Prop_lut2_I1_O)        0.152     9.134 r  AN_OBUF[3]_inst_i_1/O
                         net (fo=1, routed)           1.807    10.942    AN_OBUF[3]
    W4                   OBUF (Prop_obuf_I_O)         3.718    14.660 r  AN_OBUF[3]_inst/O
                         net (fo=0)                   0.000    14.660    AN[3]
    W4                                                                r  AN[3] (OUT)
  -------------------------------------------------------------------    -------------------

Slack:                    inf
  Source:                 refresh_counter_reg[18]/C
                            (rising edge-triggered cell FDRE clocked by Clk  {rise@0.000ns fall@5.000ns period=10.000ns})
  Destination:            AN[0]
                            (output port)
  Path Group:             (none)
  Path Type:              Max at Slow Process Corner
  Data Path Delay:        9.407ns  (logic 4.311ns (45.827%)  route 5.096ns (54.173%))
  Logic Levels:           2  (LUT2=1 OBUF=1)
  Clock Uncertainty:      0.025ns  ((TSJ^2 + TIJ^2)^1/2 + DJ) / 2 + PE
    Total System Jitter     (TSJ):    0.050ns
    Total Input Jitter      (TIJ):    0.000ns
    Discrete Jitter          (DJ):    0.000ns
    Phase Error              (PE):    0.000ns

    Location             Delay type                Incr(ns)  Path(ns)    Netlist Resource(s)
  -------------------------------------------------------------------    -------------------
                         (clock Clk rise edge)        0.000     0.000 r  
    W5                                                0.000     0.000 r  Clk (IN)
                         net (fo=0)                   0.000     0.000    Clk
    W5                   IBUF (Prop_ibuf_I_O)         1.458     1.458 r  Clk_IBUF_inst/O
                         net (fo=1, routed)           1.967     3.425    Clk_IBUF
    BUFGCTRL_X0Y0        BUFG (Prop_bufg_I_O)         0.096     3.521 r  Clk_IBUF_BUFG_inst/O
                         net (fo=20, routed)          1.621     5.142    Clk_IBUF_BUFG
    SLICE_X0Y22          FDRE                                         r  refresh_counter_reg[18]/C
  -------------------------------------------------------------------    -------------------
    SLICE_X0Y22          FDRE (Prop_fdre_C_Q)         0.456     5.598 f  refresh_counter_reg[18]/Q
                         net (fo=9, routed)           3.379     8.977    LED_active_pos[0]
    SLICE_X65Y26         LUT2 (Prop_lut2_I1_O)        0.150     9.127 r  AN_OBUF[0]_inst_i_1/O
                         net (fo=1, routed)           1.717    10.844    AN_OBUF[0]
    U2                   OBUF (Prop_obuf_I_O)         3.705    14.549 r  AN_OBUF[0]_inst/O
                         net (fo=0)                   0.000    14.549    AN[0]
    U2                                                                r  AN[0] (OUT)
  -------------------------------------------------------------------    -------------------

Slack:                    inf
  Source:                 refresh_counter_reg[18]/C
                            (rising edge-triggered cell FDRE clocked by Clk  {rise@0.000ns fall@5.000ns period=10.000ns})
  Destination:            AN[1]
                            (output port)
  Path Group:             (none)
  Path Type:              Max at Slow Process Corner
  Data Path Delay:        9.265ns  (logic 4.079ns (44.028%)  route 5.186ns (55.972%))
  Logic Levels:           2  (LUT2=1 OBUF=1)
  Clock Uncertainty:      0.025ns  ((TSJ^2 + TIJ^2)^1/2 + DJ) / 2 + PE
    Total System Jitter     (TSJ):    0.050ns
    Total Input Jitter      (TIJ):    0.000ns
    Discrete Jitter          (DJ):    0.000ns
    Phase Error              (PE):    0.000ns

    Location             Delay type                Incr(ns)  Path(ns)    Netlist Resource(s)
  -------------------------------------------------------------------    -------------------
                         (clock Clk rise edge)        0.000     0.000 r  
    W5                                                0.000     0.000 r  Clk (IN)
                         net (fo=0)                   0.000     0.000    Clk
    W5                   IBUF (Prop_ibuf_I_O)         1.458     1.458 r  Clk_IBUF_inst/O
                         net (fo=1, routed)           1.967     3.425    Clk_IBUF
    BUFGCTRL_X0Y0        BUFG (Prop_bufg_I_O)         0.096     3.521 r  Clk_IBUF_BUFG_inst/O
                         net (fo=20, routed)          1.621     5.142    Clk_IBUF_BUFG
    SLICE_X0Y22          FDRE                                         r  refresh_counter_reg[18]/C
  -------------------------------------------------------------------    -------------------
    SLICE_X0Y22          FDRE (Prop_fdre_C_Q)         0.456     5.598 r  refresh_counter_reg[18]/Q
                         net (fo=9, routed)           3.379     8.977    LED_active_pos[0]
    SLICE_X65Y26         LUT2 (Prop_lut2_I0_O)        0.124     9.101 r  AN_OBUF[1]_inst_i_1/O
                         net (fo=1, routed)           1.807    10.908    AN_OBUF[1]
    U4                   OBUF (Prop_obuf_I_O)         3.499    14.407 r  AN_OBUF[1]_inst/O
                         net (fo=0)                   0.000    14.407    AN[1]
    U4                                                                r  AN[1] (OUT)
  -------------------------------------------------------------------    -------------------





Min Delay Paths
--------------------------------------------------------------------------------------
Slack:                    inf
  Source:                 refresh_counter_reg[19]/C
                            (rising edge-triggered cell FDRE clocked by Clk  {rise@0.000ns fall@5.000ns period=10.000ns})
  Destination:            Display[2]
                            (output port)
  Path Group:             (none)
  Path Type:              Min at Fast Process Corner
  Data Path Delay:        3.047ns  (logic 1.467ns (48.151%)  route 1.580ns (51.849%))
  Logic Levels:           3  (LUT4=1 LUT6=1 OBUF=1)
  Clock Uncertainty:      0.025ns  ((TSJ^2 + TIJ^2)^1/2 + DJ) / 2 + PE
    Total System Jitter     (TSJ):    0.050ns
    Total Input Jitter      (TIJ):    0.000ns
    Discrete Jitter          (DJ):    0.000ns
    Phase Error              (PE):    0.000ns

    Location             Delay type                Incr(ns)  Path(ns)    Netlist Resource(s)
  -------------------------------------------------------------------    -------------------
                         (clock Clk rise edge)        0.000     0.000 r  
    W5                                                0.000     0.000 r  Clk (IN)
                         net (fo=0)                   0.000     0.000    Clk
    W5                   IBUF (Prop_ibuf_I_O)         0.226     0.226 r  Clk_IBUF_inst/O
                         net (fo=1, routed)           0.631     0.858    Clk_IBUF
    BUFGCTRL_X0Y0        BUFG (Prop_bufg_I_O)         0.026     0.884 r  Clk_IBUF_BUFG_inst/O
                         net (fo=20, routed)          0.585     1.468    Clk_IBUF_BUFG
    SLICE_X0Y22          FDRE                                         r  refresh_counter_reg[19]/C
  -------------------------------------------------------------------    -------------------
    SLICE_X0Y22          FDRE (Prop_fdre_C_Q)         0.141     1.609 r  refresh_counter_reg[19]/Q
                         net (fo=9, routed)           1.081     2.690    LED_active_pos[1]
    SLICE_X64Y22         LUT6 (Prop_lut6_I4_O)        0.045     2.735 r  Display_OBUF[6]_inst_i_5/O
                         net (fo=7, routed)           0.218     2.953    current_digit[1]
    SLICE_X65Y22         LUT4 (Prop_lut4_I2_O)        0.045     2.998 r  Display_OBUF[2]_inst_i_1/O
                         net (fo=1, routed)           0.280     3.279    Display_OBUF[2]
    U8                   OBUF (Prop_obuf_I_O)         1.236     4.515 r  Display_OBUF[2]_inst/O
                         net (fo=0)                   0.000     4.515    Display[2]
    U8                                                                r  Display[2] (OUT)
  -------------------------------------------------------------------    -------------------

Slack:                    inf
  Source:                 refresh_counter_reg[19]/C
                            (rising edge-triggered cell FDRE clocked by Clk  {rise@0.000ns fall@5.000ns period=10.000ns})
  Destination:            AN[2]
                            (output port)
  Path Group:             (none)
  Path Type:              Min at Fast Process Corner
  Data Path Delay:        3.070ns  (logic 1.410ns (45.930%)  route 1.660ns (54.070%))
  Logic Levels:           2  (LUT2=1 OBUF=1)
  Clock Uncertainty:      0.025ns  ((TSJ^2 + TIJ^2)^1/2 + DJ) / 2 + PE
    Total System Jitter     (TSJ):    0.050ns
    Total Input Jitter      (TIJ):    0.000ns
    Discrete Jitter          (DJ):    0.000ns
    Phase Error              (PE):    0.000ns

    Location             Delay type                Incr(ns)  Path(ns)    Netlist Resource(s)
  -------------------------------------------------------------------    -------------------
                         (clock Clk rise edge)        0.000     0.000 r  
    W5                                                0.000     0.000 r  Clk (IN)
                         net (fo=0)                   0.000     0.000    Clk
    W5                   IBUF (Prop_ibuf_I_O)         0.226     0.226 r  Clk_IBUF_inst/O
                         net (fo=1, routed)           0.631     0.858    Clk_IBUF
    BUFGCTRL_X0Y0        BUFG (Prop_bufg_I_O)         0.026     0.884 r  Clk_IBUF_BUFG_inst/O
                         net (fo=20, routed)          0.585     1.468    Clk_IBUF_BUFG
    SLICE_X0Y22          FDRE                                         r  refresh_counter_reg[19]/C
  -------------------------------------------------------------------    -------------------
    SLICE_X0Y22          FDRE (Prop_fdre_C_Q)         0.141     1.609 r  refresh_counter_reg[19]/Q
                         net (fo=9, routed)           1.323     2.932    LED_active_pos[1]
    SLICE_X65Y26         LUT2 (Prop_lut2_I0_O)        0.045     2.977 r  AN_OBUF[2]_inst_i_1/O
                         net (fo=1, routed)           0.337     3.314    AN_OBUF[2]
    V4                   OBUF (Prop_obuf_I_O)         1.224     4.538 r  AN_OBUF[2]_inst/O
                         net (fo=0)                   0.000     4.538    AN[2]
    V4                                                                r  AN[2] (OUT)
  -------------------------------------------------------------------    -------------------

Slack:                    inf
  Source:                 refresh_counter_reg[19]/C
                            (rising edge-triggered cell FDRE clocked by Clk  {rise@0.000ns fall@5.000ns period=10.000ns})
  Destination:            Display[1]
                            (output port)
  Path Group:             (none)
  Path Type:              Min at Fast Process Corner
  Data Path Delay:        3.088ns  (logic 1.461ns (47.320%)  route 1.627ns (52.680%))
  Logic Levels:           3  (LUT4=1 LUT6=1 OBUF=1)
  Clock Uncertainty:      0.025ns  ((TSJ^2 + TIJ^2)^1/2 + DJ) / 2 + PE
    Total System Jitter     (TSJ):    0.050ns
    Total Input Jitter      (TIJ):    0.000ns
    Discrete Jitter          (DJ):    0.000ns
    Phase Error              (PE):    0.000ns

    Location             Delay type                Incr(ns)  Path(ns)    Netlist Resource(s)
  -------------------------------------------------------------------    -------------------
                         (clock Clk rise edge)        0.000     0.000 r  
    W5                                                0.000     0.000 r  Clk (IN)
                         net (fo=0)                   0.000     0.000    Clk
    W5                   IBUF (Prop_ibuf_I_O)         0.226     0.226 r  Clk_IBUF_inst/O
                         net (fo=1, routed)           0.631     0.858    Clk_IBUF
    BUFGCTRL_X0Y0        BUFG (Prop_bufg_I_O)         0.026     0.884 r  Clk_IBUF_BUFG_inst/O
                         net (fo=20, routed)          0.585     1.468    Clk_IBUF_BUFG
    SLICE_X0Y22          FDRE                                         r  refresh_counter_reg[19]/C
  -------------------------------------------------------------------    -------------------
    SLICE_X0Y22          FDRE (Prop_fdre_C_Q)         0.141     1.609 r  refresh_counter_reg[19]/Q
                         net (fo=9, routed)           1.081     2.690    LED_active_pos[1]
    SLICE_X64Y22         LUT6 (Prop_lut6_I4_O)        0.045     2.735 r  Display_OBUF[6]_inst_i_5/O
                         net (fo=7, routed)           0.218     2.953    current_digit[1]
    SLICE_X65Y22         LUT4 (Prop_lut4_I2_O)        0.045     2.998 r  Display_OBUF[1]_inst_i_1/O
                         net (fo=1, routed)           0.327     3.326    Display_OBUF[1]
    W6                   OBUF (Prop_obuf_I_O)         1.230     4.556 r  Display_OBUF[1]_inst/O
                         net (fo=0)                   0.000     4.556    Display[1]
    W6                                                                r  Display[1] (OUT)
  -------------------------------------------------------------------    -------------------

Slack:                    inf
  Source:                 refresh_counter_reg[19]/C
                            (rising edge-triggered cell FDRE clocked by Clk  {rise@0.000ns fall@5.000ns period=10.000ns})
  Destination:            AN[1]
                            (output port)
  Path Group:             (none)
  Path Type:              Min at Fast Process Corner
  Data Path Delay:        3.102ns  (logic 1.386ns (44.689%)  route 1.716ns (55.311%))
  Logic Levels:           2  (LUT2=1 OBUF=1)
  Clock Uncertainty:      0.025ns  ((TSJ^2 + TIJ^2)^1/2 + DJ) / 2 + PE
    Total System Jitter     (TSJ):    0.050ns
    Total Input Jitter      (TIJ):    0.000ns
    Discrete Jitter          (DJ):    0.000ns
    Phase Error              (PE):    0.000ns

    Location             Delay type                Incr(ns)  Path(ns)    Netlist Resource(s)
  -------------------------------------------------------------------    -------------------
                         (clock Clk rise edge)        0.000     0.000 r  
    W5                                                0.000     0.000 r  Clk (IN)
                         net (fo=0)                   0.000     0.000    Clk
    W5                   IBUF (Prop_ibuf_I_O)         0.226     0.226 r  Clk_IBUF_inst/O
                         net (fo=1, routed)           0.631     0.858    Clk_IBUF
    BUFGCTRL_X0Y0        BUFG (Prop_bufg_I_O)         0.026     0.884 r  Clk_IBUF_BUFG_inst/O
                         net (fo=20, routed)          0.585     1.468    Clk_IBUF_BUFG
    SLICE_X0Y22          FDRE                                         r  refresh_counter_reg[19]/C
  -------------------------------------------------------------------    -------------------
    SLICE_X0Y22          FDRE (Prop_fdre_C_Q)         0.141     1.609 f  refresh_counter_reg[19]/Q
                         net (fo=9, routed)           1.324     2.933    LED_active_pos[1]
    SLICE_X65Y26         LUT2 (Prop_lut2_I1_O)        0.045     2.978 r  AN_OBUF[1]_inst_i_1/O
                         net (fo=1, routed)           0.392     3.370    AN_OBUF[1]
    U4                   OBUF (Prop_obuf_I_O)         1.200     4.570 r  AN_OBUF[1]_inst/O
                         net (fo=0)                   0.000     4.570    AN[1]
    U4                                                                r  AN[1] (OUT)
  -------------------------------------------------------------------    -------------------

Slack:                    inf
  Source:                 refresh_counter_reg[19]/C
                            (rising edge-triggered cell FDRE clocked by Clk  {rise@0.000ns fall@5.000ns period=10.000ns})
  Destination:            Display[4]
                            (output port)
  Path Group:             (none)
  Path Type:              Min at Fast Process Corner
  Data Path Delay:        3.123ns  (logic 1.452ns (46.489%)  route 1.671ns (53.511%))
  Logic Levels:           3  (LUT4=1 LUT6=1 OBUF=1)
  Clock Uncertainty:      0.025ns  ((TSJ^2 + TIJ^2)^1/2 + DJ) / 2 + PE
    Total System Jitter     (TSJ):    0.050ns
    Total Input Jitter      (TIJ):    0.000ns
    Discrete Jitter          (DJ):    0.000ns
    Phase Error              (PE):    0.000ns

    Location             Delay type                Incr(ns)  Path(ns)    Netlist Resource(s)
  -------------------------------------------------------------------    -------------------
                         (clock Clk rise edge)        0.000     0.000 r  
    W5                                                0.000     0.000 r  Clk (IN)
                         net (fo=0)                   0.000     0.000    Clk
    W5                   IBUF (Prop_ibuf_I_O)         0.226     0.226 r  Clk_IBUF_inst/O
                         net (fo=1, routed)           0.631     0.858    Clk_IBUF
    BUFGCTRL_X0Y0        BUFG (Prop_bufg_I_O)         0.026     0.884 r  Clk_IBUF_BUFG_inst/O
                         net (fo=20, routed)          0.585     1.468    Clk_IBUF_BUFG
    SLICE_X0Y22          FDRE                                         r  refresh_counter_reg[19]/C
  -------------------------------------------------------------------    -------------------
    SLICE_X0Y22          FDRE (Prop_fdre_C_Q)         0.141     1.609 r  refresh_counter_reg[19]/Q
                         net (fo=9, routed)           1.081     2.690    LED_active_pos[1]
    SLICE_X64Y22         LUT6 (Prop_lut6_I4_O)        0.045     2.735 f  Display_OBUF[6]_inst_i_5/O
                         net (fo=7, routed)           0.135     2.870    current_digit[1]
    SLICE_X65Y22         LUT4 (Prop_lut4_I1_O)        0.045     2.915 r  Display_OBUF[4]_inst_i_1/O
                         net (fo=1, routed)           0.455     3.370    Display_OBUF[4]
    U5                   OBUF (Prop_obuf_I_O)         1.221     4.591 r  Display_OBUF[4]_inst/O
                         net (fo=0)                   0.000     4.591    Display[4]
    U5                                                                r  Display[4] (OUT)
  -------------------------------------------------------------------    -------------------

Slack:                    inf
  Source:                 refresh_counter_reg[19]/C
                            (rising edge-triggered cell FDRE clocked by Clk  {rise@0.000ns fall@5.000ns period=10.000ns})
  Destination:            AN[0]
                            (output port)
  Path Group:             (none)
  Path Type:              Min at Fast Process Corner
  Data Path Delay:        3.137ns  (logic 1.451ns (46.253%)  route 1.686ns (53.747%))
  Logic Levels:           2  (LUT2=1 OBUF=1)
  Clock Uncertainty:      0.025ns  ((TSJ^2 + TIJ^2)^1/2 + DJ) / 2 + PE
    Total System Jitter     (TSJ):    0.050ns
    Total Input Jitter      (TIJ):    0.000ns
    Discrete Jitter          (DJ):    0.000ns
    Phase Error              (PE):    0.000ns

    Location             Delay type                Incr(ns)  Path(ns)    Netlist Resource(s)
  -------------------------------------------------------------------    -------------------
                         (clock Clk rise edge)        0.000     0.000 r  
    W5                                                0.000     0.000 r  Clk (IN)
                         net (fo=0)                   0.000     0.000    Clk
    W5                   IBUF (Prop_ibuf_I_O)         0.226     0.226 r  Clk_IBUF_inst/O
                         net (fo=1, routed)           0.631     0.858    Clk_IBUF
    BUFGCTRL_X0Y0        BUFG (Prop_bufg_I_O)         0.026     0.884 r  Clk_IBUF_BUFG_inst/O
                         net (fo=20, routed)          0.585     1.468    Clk_IBUF_BUFG
    SLICE_X0Y22          FDRE                                         r  refresh_counter_reg[19]/C
  -------------------------------------------------------------------    -------------------
    SLICE_X0Y22          FDRE (Prop_fdre_C_Q)         0.141     1.609 f  refresh_counter_reg[19]/Q
                         net (fo=9, routed)           1.324     2.933    LED_active_pos[1]
    SLICE_X65Y26         LUT2 (Prop_lut2_I0_O)        0.044     2.977 r  AN_OBUF[0]_inst_i_1/O
                         net (fo=1, routed)           0.362     3.339    AN_OBUF[0]
    U2                   OBUF (Prop_obuf_I_O)         1.266     4.605 r  AN_OBUF[0]_inst/O
                         net (fo=0)                   0.000     4.605    AN[0]
    U2                                                                r  AN[0] (OUT)
  -------------------------------------------------------------------    -------------------

Slack:                    inf
  Source:                 refresh_counter_reg[19]/C
                            (rising edge-triggered cell FDRE clocked by Clk  {rise@0.000ns fall@5.000ns period=10.000ns})
  Destination:            Display[3]
                            (output port)
  Path Group:             (none)
  Path Type:              Min at Fast Process Corner
  Data Path Delay:        3.158ns  (logic 1.530ns (48.468%)  route 1.627ns (51.532%))
  Logic Levels:           3  (LUT4=1 LUT6=1 OBUF=1)
  Clock Uncertainty:      0.025ns  ((TSJ^2 + TIJ^2)^1/2 + DJ) / 2 + PE
    Total System Jitter     (TSJ):    0.050ns
    Total Input Jitter      (TIJ):    0.000ns
    Discrete Jitter          (DJ):    0.000ns
    Phase Error              (PE):    0.000ns

    Location             Delay type                Incr(ns)  Path(ns)    Netlist Resource(s)
  -------------------------------------------------------------------    -------------------
                         (clock Clk rise edge)        0.000     0.000 r  
    W5                                                0.000     0.000 r  Clk (IN)
                         net (fo=0)                   0.000     0.000    Clk
    W5                   IBUF (Prop_ibuf_I_O)         0.226     0.226 r  Clk_IBUF_inst/O
                         net (fo=1, routed)           0.631     0.858    Clk_IBUF
    BUFGCTRL_X0Y0        BUFG (Prop_bufg_I_O)         0.026     0.884 r  Clk_IBUF_BUFG_inst/O
                         net (fo=20, routed)          0.585     1.468    Clk_IBUF_BUFG
    SLICE_X0Y22          FDRE                                         r  refresh_counter_reg[19]/C
  -------------------------------------------------------------------    -------------------
    SLICE_X0Y22          FDRE (Prop_fdre_C_Q)         0.141     1.609 r  refresh_counter_reg[19]/Q
                         net (fo=9, routed)           1.081     2.690    LED_active_pos[1]
    SLICE_X64Y22         LUT6 (Prop_lut6_I4_O)        0.045     2.735 r  Display_OBUF[6]_inst_i_5/O
                         net (fo=7, routed)           0.218     2.953    current_digit[1]
    SLICE_X65Y22         LUT4 (Prop_lut4_I3_O)        0.046     2.999 r  Display_OBUF[3]_inst_i_1/O
                         net (fo=1, routed)           0.328     3.327    Display_OBUF[3]
    V8                   OBUF (Prop_obuf_I_O)         1.298     4.626 r  Display_OBUF[3]_inst/O
                         net (fo=0)                   0.000     4.626    Display[3]
    V8                                                                r  Display[3] (OUT)
  -------------------------------------------------------------------    -------------------

Slack:                    inf
  Source:                 refresh_counter_reg[19]/C
                            (rising edge-triggered cell FDRE clocked by Clk  {rise@0.000ns fall@5.000ns period=10.000ns})
  Destination:            AN[3]
                            (output port)
  Path Group:             (none)
  Path Type:              Min at Fast Process Corner
  Data Path Delay:        3.182ns  (logic 1.464ns (46.020%)  route 1.718ns (53.980%))
  Logic Levels:           2  (LUT2=1 OBUF=1)
  Clock Uncertainty:      0.025ns  ((TSJ^2 + TIJ^2)^1/2 + DJ) / 2 + PE
    Total System Jitter     (TSJ):    0.050ns
    Total Input Jitter      (TIJ):    0.000ns
    Discrete Jitter          (DJ):    0.000ns
    Phase Error              (PE):    0.000ns

    Location             Delay type                Incr(ns)  Path(ns)    Netlist Resource(s)
  -------------------------------------------------------------------    -------------------
                         (clock Clk rise edge)        0.000     0.000 r  
    W5                                                0.000     0.000 r  Clk (IN)
                         net (fo=0)                   0.000     0.000    Clk
    W5                   IBUF (Prop_ibuf_I_O)         0.226     0.226 r  Clk_IBUF_inst/O
                         net (fo=1, routed)           0.631     0.858    Clk_IBUF
    BUFGCTRL_X0Y0        BUFG (Prop_bufg_I_O)         0.026     0.884 r  Clk_IBUF_BUFG_inst/O
                         net (fo=20, routed)          0.585     1.468    Clk_IBUF_BUFG
    SLICE_X0Y22          FDRE                                         r  refresh_counter_reg[19]/C
  -------------------------------------------------------------------    -------------------
    SLICE_X0Y22          FDRE (Prop_fdre_C_Q)         0.141     1.609 r  refresh_counter_reg[19]/Q
                         net (fo=9, routed)           1.323     2.932    LED_active_pos[1]
    SLICE_X65Y26         LUT2 (Prop_lut2_I0_O)        0.045     2.977 r  AN_OBUF[3]_inst_i_1/O
                         net (fo=1, routed)           0.394     3.372    AN_OBUF[3]
    W4                   OBUF (Prop_obuf_I_O)         1.278     4.650 r  AN_OBUF[3]_inst/O
                         net (fo=0)                   0.000     4.650    AN[3]
    W4                                                                r  AN[3] (OUT)
  -------------------------------------------------------------------    -------------------

Slack:                    inf
  Source:                 refresh_counter_reg[19]/C
                            (rising edge-triggered cell FDRE clocked by Clk  {rise@0.000ns fall@5.000ns period=10.000ns})
  Destination:            Display[5]
                            (output port)
  Path Group:             (none)
  Path Type:              Min at Fast Process Corner
  Data Path Delay:        3.196ns  (logic 1.437ns (44.946%)  route 1.760ns (55.054%))
  Logic Levels:           3  (LUT4=1 LUT6=1 OBUF=1)
  Clock Uncertainty:      0.025ns  ((TSJ^2 + TIJ^2)^1/2 + DJ) / 2 + PE
    Total System Jitter     (TSJ):    0.050ns
    Total Input Jitter      (TIJ):    0.000ns
    Discrete Jitter          (DJ):    0.000ns
    Phase Error              (PE):    0.000ns

    Location             Delay type                Incr(ns)  Path(ns)    Netlist Resource(s)
  -------------------------------------------------------------------    -------------------
                         (clock Clk rise edge)        0.000     0.000 r  
    W5                                                0.000     0.000 r  Clk (IN)
                         net (fo=0)                   0.000     0.000    Clk
    W5                   IBUF (Prop_ibuf_I_O)         0.226     0.226 r  Clk_IBUF_inst/O
                         net (fo=1, routed)           0.631     0.858    Clk_IBUF
    BUFGCTRL_X0Y0        BUFG (Prop_bufg_I_O)         0.026     0.884 r  Clk_IBUF_BUFG_inst/O
                         net (fo=20, routed)          0.585     1.468    Clk_IBUF_BUFG
    SLICE_X0Y22          FDRE                                         r  refresh_counter_reg[19]/C
  -------------------------------------------------------------------    -------------------
    SLICE_X0Y22          FDRE (Prop_fdre_C_Q)         0.141     1.609 r  refresh_counter_reg[19]/Q
                         net (fo=9, routed)           1.173     2.782    LED_active_pos[1]
    SLICE_X64Y22         LUT6 (Prop_lut6_I4_O)        0.045     2.827 r  Display_OBUF[6]_inst_i_2/O
                         net (fo=7, routed)           0.168     2.996    current_digit[3]
    SLICE_X65Y22         LUT4 (Prop_lut4_I0_O)        0.045     3.041 r  Display_OBUF[5]_inst_i_1/O
                         net (fo=1, routed)           0.418     3.459    Display_OBUF[5]
    V5                   OBUF (Prop_obuf_I_O)         1.206     4.664 r  Display_OBUF[5]_inst/O
                         net (fo=0)                   0.000     4.664    Display[5]
    V5                                                                r  Display[5] (OUT)
  -------------------------------------------------------------------    -------------------

Slack:                    inf
  Source:                 refresh_counter_reg[19]/C
                            (rising edge-triggered cell FDRE clocked by Clk  {rise@0.000ns fall@5.000ns period=10.000ns})
  Destination:            Display[0]
                            (output port)
  Path Group:             (none)
  Path Type:              Min at Fast Process Corner
  Data Path Delay:        3.249ns  (logic 1.506ns (46.343%)  route 1.743ns (53.657%))
  Logic Levels:           3  (LUT4=1 LUT6=1 OBUF=1)
  Clock Uncertainty:      0.025ns  ((TSJ^2 + TIJ^2)^1/2 + DJ) / 2 + PE
    Total System Jitter     (TSJ):    0.050ns
    Total Input Jitter      (TIJ):    0.000ns
    Discrete Jitter          (DJ):    0.000ns
    Phase Error              (PE):    0.000ns

    Location             Delay type                Incr(ns)  Path(ns)    Netlist Resource(s)
  -------------------------------------------------------------------    -------------------
                         (clock Clk rise edge)        0.000     0.000 r  
    W5                                                0.000     0.000 r  Clk (IN)
                         net (fo=0)                   0.000     0.000    Clk
    W5                   IBUF (Prop_ibuf_I_O)         0.226     0.226 r  Clk_IBUF_inst/O
                         net (fo=1, routed)           0.631     0.858    Clk_IBUF
    BUFGCTRL_X0Y0        BUFG (Prop_bufg_I_O)         0.026     0.884 r  Clk_IBUF_BUFG_inst/O
                         net (fo=20, routed)          0.585     1.468    Clk_IBUF_BUFG
    SLICE_X0Y22          FDRE                                         r  refresh_counter_reg[19]/C
  -------------------------------------------------------------------    -------------------
    SLICE_X0Y22          FDRE (Prop_fdre_C_Q)         0.141     1.609 r  refresh_counter_reg[19]/Q
                         net (fo=9, routed)           1.106     2.715    LED_active_pos[1]
    SLICE_X64Y22         LUT6 (Prop_lut6_I4_O)        0.045     2.760 r  Display_OBUF[6]_inst_i_4/O
                         net (fo=7, routed)           0.241     3.002    current_digit[2]
    SLICE_X65Y22         LUT4 (Prop_lut4_I1_O)        0.043     3.045 r  Display_OBUF[0]_inst_i_1/O
                         net (fo=1, routed)           0.396     3.441    Display_OBUF[0]
    W7                   OBUF (Prop_obuf_I_O)         1.277     4.717 r  Display_OBUF[0]_inst/O
                         net (fo=0)                   0.000     4.717    Display[0]
    W7                                                                r  Display[0] (OUT)
  -------------------------------------------------------------------    -------------------





--------------------------------------------------------------------------------------
Path Group:  (none)
From Clock:  
  To Clock:  Clk

Max Delay            20 Endpoints
Min Delay            20 Endpoints
--------------------------------------------------------------------------------------


Max Delay Paths
--------------------------------------------------------------------------------------
Slack:                    inf
  Source:                 Reset
                            (input port)
  Destination:            refresh_counter_reg[16]/R
                            (rising edge-triggered cell FDRE clocked by Clk  {rise@0.000ns fall@5.000ns period=10.000ns})
  Path Group:             (none)
  Path Type:              Setup (Max at Slow Process Corner)
  Data Path Delay:        3.276ns  (logic 1.441ns (43.994%)  route 1.835ns (56.006%))
  Logic Levels:           1  (IBUF=1)
  Clock Path Skew:        4.846ns (DCD - SCD + CPR)
    Destination Clock Delay (DCD):    4.846ns
    Source Clock Delay      (SCD):    0.000ns
    Clock Pessimism Removal (CPR):    0.000ns
  Clock Uncertainty:      0.025ns  ((TSJ^2 + TIJ^2)^1/2 + DJ) / 2 + PE
    Total System Jitter     (TSJ):    0.050ns
    Total Input Jitter      (TIJ):    0.000ns
    Discrete Jitter          (DJ):    0.000ns
    Phase Error              (PE):    0.000ns

    Location             Delay type                Incr(ns)  Path(ns)    Netlist Resource(s)
  -------------------------------------------------------------------    -------------------
    U18                                               0.000     0.000 r  Reset (IN)
                         net (fo=0)                   0.000     0.000    Reset
    U18                  IBUF (Prop_ibuf_I_O)         1.441     1.441 r  Reset_IBUF_inst/O
                         net (fo=20, routed)          1.835     3.276    Reset_IBUF
    SLICE_X0Y22          FDRE                                         r  refresh_counter_reg[16]/R
  -------------------------------------------------------------------    -------------------

                         (clock Clk rise edge)        0.000     0.000 r  
    W5                                                0.000     0.000 r  Clk (IN)
                         net (fo=0)                   0.000     0.000    Clk
    W5                   IBUF (Prop_ibuf_I_O)         1.388     1.388 r  Clk_IBUF_inst/O
                         net (fo=1, routed)           1.862     3.250    Clk_IBUF
    BUFGCTRL_X0Y0        BUFG (Prop_bufg_I_O)         0.091     3.341 r  Clk_IBUF_BUFG_inst/O
                         net (fo=20, routed)          1.505     4.846    Clk_IBUF_BUFG
    SLICE_X0Y22          FDRE                                         r  refresh_counter_reg[16]/C

Slack:                    inf
  Source:                 Reset
                            (input port)
  Destination:            refresh_counter_reg[17]/R
                            (rising edge-triggered cell FDRE clocked by Clk  {rise@0.000ns fall@5.000ns period=10.000ns})
  Path Group:             (none)
  Path Type:              Setup (Max at Slow Process Corner)
  Data Path Delay:        3.276ns  (logic 1.441ns (43.994%)  route 1.835ns (56.006%))
  Logic Levels:           1  (IBUF=1)
  Clock Path Skew:        4.846ns (DCD - SCD + CPR)
    Destination Clock Delay (DCD):    4.846ns
    Source Clock Delay      (SCD):    0.000ns
    Clock Pessimism Removal (CPR):    0.000ns
  Clock Uncertainty:      0.025ns  ((TSJ^2 + TIJ^2)^1/2 + DJ) / 2 + PE
    Total System Jitter     (TSJ):    0.050ns
    Total Input Jitter      (TIJ):    0.000ns
    Discrete Jitter          (DJ):    0.000ns
    Phase Error              (PE):    0.000ns

    Location             Delay type                Incr(ns)  Path(ns)    Netlist Resource(s)
  -------------------------------------------------------------------    -------------------
    U18                                               0.000     0.000 r  Reset (IN)
                         net (fo=0)                   0.000     0.000    Reset
    U18                  IBUF (Prop_ibuf_I_O)         1.441     1.441 r  Reset_IBUF_inst/O
                         net (fo=20, routed)          1.835     3.276    Reset_IBUF
    SLICE_X0Y22          FDRE                                         r  refresh_counter_reg[17]/R
  -------------------------------------------------------------------    -------------------

                         (clock Clk rise edge)        0.000     0.000 r  
    W5                                                0.000     0.000 r  Clk (IN)
                         net (fo=0)                   0.000     0.000    Clk
    W5                   IBUF (Prop_ibuf_I_O)         1.388     1.388 r  Clk_IBUF_inst/O
                         net (fo=1, routed)           1.862     3.250    Clk_IBUF
    BUFGCTRL_X0Y0        BUFG (Prop_bufg_I_O)         0.091     3.341 r  Clk_IBUF_BUFG_inst/O
                         net (fo=20, routed)          1.505     4.846    Clk_IBUF_BUFG
    SLICE_X0Y22          FDRE                                         r  refresh_counter_reg[17]/C

Slack:                    inf
  Source:                 Reset
                            (input port)
  Destination:            refresh_counter_reg[18]/R
                            (rising edge-triggered cell FDRE clocked by Clk  {rise@0.000ns fall@5.000ns period=10.000ns})
  Path Group:             (none)
  Path Type:              Setup (Max at Slow Process Corner)
  Data Path Delay:        3.276ns  (logic 1.441ns (43.994%)  route 1.835ns (56.006%))
  Logic Levels:           1  (IBUF=1)
  Clock Path Skew:        4.846ns (DCD - SCD + CPR)
    Destination Clock Delay (DCD):    4.846ns
    Source Clock Delay      (SCD):    0.000ns
    Clock Pessimism Removal (CPR):    0.000ns
  Clock Uncertainty:      0.025ns  ((TSJ^2 + TIJ^2)^1/2 + DJ) / 2 + PE
    Total System Jitter     (TSJ):    0.050ns
    Total Input Jitter      (TIJ):    0.000ns
    Discrete Jitter          (DJ):    0.000ns
    Phase Error              (PE):    0.000ns

    Location             Delay type                Incr(ns)  Path(ns)    Netlist Resource(s)
  -------------------------------------------------------------------    -------------------
    U18                                               0.000     0.000 r  Reset (IN)
                         net (fo=0)                   0.000     0.000    Reset
    U18                  IBUF (Prop_ibuf_I_O)         1.441     1.441 r  Reset_IBUF_inst/O
                         net (fo=20, routed)          1.835     3.276    Reset_IBUF
    SLICE_X0Y22          FDRE                                         r  refresh_counter_reg[18]/R
  -------------------------------------------------------------------    -------------------

                         (clock Clk rise edge)        0.000     0.000 r  
    W5                                                0.000     0.000 r  Clk (IN)
                         net (fo=0)                   0.000     0.000    Clk
    W5                   IBUF (Prop_ibuf_I_O)         1.388     1.388 r  Clk_IBUF_inst/O
                         net (fo=1, routed)           1.862     3.250    Clk_IBUF
    BUFGCTRL_X0Y0        BUFG (Prop_bufg_I_O)         0.091     3.341 r  Clk_IBUF_BUFG_inst/O
                         net (fo=20, routed)          1.505     4.846    Clk_IBUF_BUFG
    SLICE_X0Y22          FDRE                                         r  refresh_counter_reg[18]/C

Slack:                    inf
  Source:                 Reset
                            (input port)
  Destination:            refresh_counter_reg[19]/R
                            (rising edge-triggered cell FDRE clocked by Clk  {rise@0.000ns fall@5.000ns period=10.000ns})
  Path Group:             (none)
  Path Type:              Setup (Max at Slow Process Corner)
  Data Path Delay:        3.276ns  (logic 1.441ns (43.994%)  route 1.835ns (56.006%))
  Logic Levels:           1  (IBUF=1)
  Clock Path Skew:        4.846ns (DCD - SCD + CPR)
    Destination Clock Delay (DCD):    4.846ns
    Source Clock Delay      (SCD):    0.000ns
    Clock Pessimism Removal (CPR):    0.000ns
  Clock Uncertainty:      0.025ns  ((TSJ^2 + TIJ^2)^1/2 + DJ) / 2 + PE
    Total System Jitter     (TSJ):    0.050ns
    Total Input Jitter      (TIJ):    0.000ns
    Discrete Jitter          (DJ):    0.000ns
    Phase Error              (PE):    0.000ns

    Location             Delay type                Incr(ns)  Path(ns)    Netlist Resource(s)
  -------------------------------------------------------------------    -------------------
    U18                                               0.000     0.000 r  Reset (IN)
                         net (fo=0)                   0.000     0.000    Reset
    U18                  IBUF (Prop_ibuf_I_O)         1.441     1.441 r  Reset_IBUF_inst/O
                         net (fo=20, routed)          1.835     3.276    Reset_IBUF
    SLICE_X0Y22          FDRE                                         r  refresh_counter_reg[19]/R
  -------------------------------------------------------------------    -------------------

                         (clock Clk rise edge)        0.000     0.000 r  
    W5                                                0.000     0.000 r  Clk (IN)
                         net (fo=0)                   0.000     0.000    Clk
    W5                   IBUF (Prop_ibuf_I_O)         1.388     1.388 r  Clk_IBUF_inst/O
                         net (fo=1, routed)           1.862     3.250    Clk_IBUF
    BUFGCTRL_X0Y0        BUFG (Prop_bufg_I_O)         0.091     3.341 r  Clk_IBUF_BUFG_inst/O
                         net (fo=20, routed)          1.505     4.846    Clk_IBUF_BUFG
    SLICE_X0Y22          FDRE                                         r  refresh_counter_reg[19]/C

Slack:                    inf
  Source:                 Reset
                            (input port)
  Destination:            refresh_counter_reg[12]/R
                            (rising edge-triggered cell FDRE clocked by Clk  {rise@0.000ns fall@5.000ns period=10.000ns})
  Path Group:             (none)
  Path Type:              Setup (Max at Slow Process Corner)
  Data Path Delay:        3.138ns  (logic 1.441ns (45.934%)  route 1.696ns (54.066%))
  Logic Levels:           1  (IBUF=1)
  Clock Path Skew:        4.848ns (DCD - SCD + CPR)
    Destination Clock Delay (DCD):    4.848ns
    Source Clock Delay      (SCD):    0.000ns
    Clock Pessimism Removal (CPR):    0.000ns
  Clock Uncertainty:      0.025ns  ((TSJ^2 + TIJ^2)^1/2 + DJ) / 2 + PE
    Total System Jitter     (TSJ):    0.050ns
    Total Input Jitter      (TIJ):    0.000ns
    Discrete Jitter          (DJ):    0.000ns
    Phase Error              (PE):    0.000ns

    Location             Delay type                Incr(ns)  Path(ns)    Netlist Resource(s)
  -------------------------------------------------------------------    -------------------
    U18                                               0.000     0.000 r  Reset (IN)
                         net (fo=0)                   0.000     0.000    Reset
    U18                  IBUF (Prop_ibuf_I_O)         1.441     1.441 r  Reset_IBUF_inst/O
                         net (fo=20, routed)          1.696     3.138    Reset_IBUF
    SLICE_X0Y21          FDRE                                         r  refresh_counter_reg[12]/R
  -------------------------------------------------------------------    -------------------

                         (clock Clk rise edge)        0.000     0.000 r  
    W5                                                0.000     0.000 r  Clk (IN)
                         net (fo=0)                   0.000     0.000    Clk
    W5                   IBUF (Prop_ibuf_I_O)         1.388     1.388 r  Clk_IBUF_inst/O
                         net (fo=1, routed)           1.862     3.250    Clk_IBUF
    BUFGCTRL_X0Y0        BUFG (Prop_bufg_I_O)         0.091     3.341 r  Clk_IBUF_BUFG_inst/O
                         net (fo=20, routed)          1.507     4.848    Clk_IBUF_BUFG
    SLICE_X0Y21          FDRE                                         r  refresh_counter_reg[12]/C

Slack:                    inf
  Source:                 Reset
                            (input port)
  Destination:            refresh_counter_reg[13]/R
                            (rising edge-triggered cell FDRE clocked by Clk  {rise@0.000ns fall@5.000ns period=10.000ns})
  Path Group:             (none)
  Path Type:              Setup (Max at Slow Process Corner)
  Data Path Delay:        3.138ns  (logic 1.441ns (45.934%)  route 1.696ns (54.066%))
  Logic Levels:           1  (IBUF=1)
  Clock Path Skew:        4.848ns (DCD - SCD + CPR)
    Destination Clock Delay (DCD):    4.848ns
    Source Clock Delay      (SCD):    0.000ns
    Clock Pessimism Removal (CPR):    0.000ns
  Clock Uncertainty:      0.025ns  ((TSJ^2 + TIJ^2)^1/2 + DJ) / 2 + PE
    Total System Jitter     (TSJ):    0.050ns
    Total Input Jitter      (TIJ):    0.000ns
    Discrete Jitter          (DJ):    0.000ns
    Phase Error              (PE):    0.000ns

    Location             Delay type                Incr(ns)  Path(ns)    Netlist Resource(s)
  -------------------------------------------------------------------    -------------------
    U18                                               0.000     0.000 r  Reset (IN)
                         net (fo=0)                   0.000     0.000    Reset
    U18                  IBUF (Prop_ibuf_I_O)         1.441     1.441 r  Reset_IBUF_inst/O
                         net (fo=20, routed)          1.696     3.138    Reset_IBUF
    SLICE_X0Y21          FDRE                                         r  refresh_counter_reg[13]/R
  -------------------------------------------------------------------    -------------------

                         (clock Clk rise edge)        0.000     0.000 r  
    W5                                                0.000     0.000 r  Clk (IN)
                         net (fo=0)                   0.000     0.000    Clk
    W5                   IBUF (Prop_ibuf_I_O)         1.388     1.388 r  Clk_IBUF_inst/O
                         net (fo=1, routed)           1.862     3.250    Clk_IBUF
    BUFGCTRL_X0Y0        BUFG (Prop_bufg_I_O)         0.091     3.341 r  Clk_IBUF_BUFG_inst/O
                         net (fo=20, routed)          1.507     4.848    Clk_IBUF_BUFG
    SLICE_X0Y21          FDRE                                         r  refresh_counter_reg[13]/C

Slack:                    inf
  Source:                 Reset
                            (input port)
  Destination:            refresh_counter_reg[14]/R
                            (rising edge-triggered cell FDRE clocked by Clk  {rise@0.000ns fall@5.000ns period=10.000ns})
  Path Group:             (none)
  Path Type:              Setup (Max at Slow Process Corner)
  Data Path Delay:        3.138ns  (logic 1.441ns (45.934%)  route 1.696ns (54.066%))
  Logic Levels:           1  (IBUF=1)
  Clock Path Skew:        4.848ns (DCD - SCD + CPR)
    Destination Clock Delay (DCD):    4.848ns
    Source Clock Delay      (SCD):    0.000ns
    Clock Pessimism Removal (CPR):    0.000ns
  Clock Uncertainty:      0.025ns  ((TSJ^2 + TIJ^2)^1/2 + DJ) / 2 + PE
    Total System Jitter     (TSJ):    0.050ns
    Total Input Jitter      (TIJ):    0.000ns
    Discrete Jitter          (DJ):    0.000ns
    Phase Error              (PE):    0.000ns

    Location             Delay type                Incr(ns)  Path(ns)    Netlist Resource(s)
  -------------------------------------------------------------------    -------------------
    U18                                               0.000     0.000 r  Reset (IN)
                         net (fo=0)                   0.000     0.000    Reset
    U18                  IBUF (Prop_ibuf_I_O)         1.441     1.441 r  Reset_IBUF_inst/O
                         net (fo=20, routed)          1.696     3.138    Reset_IBUF
    SLICE_X0Y21          FDRE                                         r  refresh_counter_reg[14]/R
  -------------------------------------------------------------------    -------------------

                         (clock Clk rise edge)        0.000     0.000 r  
    W5                                                0.000     0.000 r  Clk (IN)
                         net (fo=0)                   0.000     0.000    Clk
    W5                   IBUF (Prop_ibuf_I_O)         1.388     1.388 r  Clk_IBUF_inst/O
                         net (fo=1, routed)           1.862     3.250    Clk_IBUF
    BUFGCTRL_X0Y0        BUFG (Prop_bufg_I_O)         0.091     3.341 r  Clk_IBUF_BUFG_inst/O
                         net (fo=20, routed)          1.507     4.848    Clk_IBUF_BUFG
    SLICE_X0Y21          FDRE                                         r  refresh_counter_reg[14]/C

Slack:                    inf
  Source:                 Reset
                            (input port)
  Destination:            refresh_counter_reg[15]/R
                            (rising edge-triggered cell FDRE clocked by Clk  {rise@0.000ns fall@5.000ns period=10.000ns})
  Path Group:             (none)
  Path Type:              Setup (Max at Slow Process Corner)
  Data Path Delay:        3.138ns  (logic 1.441ns (45.934%)  route 1.696ns (54.066%))
  Logic Levels:           1  (IBUF=1)
  Clock Path Skew:        4.848ns (DCD - SCD + CPR)
    Destination Clock Delay (DCD):    4.848ns
    Source Clock Delay      (SCD):    0.000ns
    Clock Pessimism Removal (CPR):    0.000ns
  Clock Uncertainty:      0.025ns  ((TSJ^2 + TIJ^2)^1/2 + DJ) / 2 + PE
    Total System Jitter     (TSJ):    0.050ns
    Total Input Jitter      (TIJ):    0.000ns
    Discrete Jitter          (DJ):    0.000ns
    Phase Error              (PE):    0.000ns

    Location             Delay type                Incr(ns)  Path(ns)    Netlist Resource(s)
  -------------------------------------------------------------------    -------------------
    U18                                               0.000     0.000 r  Reset (IN)
                         net (fo=0)                   0.000     0.000    Reset
    U18                  IBUF (Prop_ibuf_I_O)         1.441     1.441 r  Reset_IBUF_inst/O
                         net (fo=20, routed)          1.696     3.138    Reset_IBUF
    SLICE_X0Y21          FDRE                                         r  refresh_counter_reg[15]/R
  -------------------------------------------------------------------    -------------------

                         (clock Clk rise edge)        0.000     0.000 r  
    W5                                                0.000     0.000 r  Clk (IN)
                         net (fo=0)                   0.000     0.000    Clk
    W5                   IBUF (Prop_ibuf_I_O)         1.388     1.388 r  Clk_IBUF_inst/O
                         net (fo=1, routed)           1.862     3.250    Clk_IBUF
    BUFGCTRL_X0Y0        BUFG (Prop_bufg_I_O)         0.091     3.341 r  Clk_IBUF_BUFG_inst/O
                         net (fo=20, routed)          1.507     4.848    Clk_IBUF_BUFG
    SLICE_X0Y21          FDRE                                         r  refresh_counter_reg[15]/C

Slack:                    inf
  Source:                 Reset
                            (input port)
  Destination:            refresh_counter_reg[10]/R
                            (rising edge-triggered cell FDRE clocked by Clk  {rise@0.000ns fall@5.000ns period=10.000ns})
  Path Group:             (none)
  Path Type:              Setup (Max at Slow Process Corner)
  Data Path Delay:        2.989ns  (logic 1.441ns (48.213%)  route 1.548ns (51.787%))
  Logic Levels:           1  (IBUF=1)
  Clock Path Skew:        4.849ns (DCD - SCD + CPR)
    Destination Clock Delay (DCD):    4.849ns
    Source Clock Delay      (SCD):    0.000ns
    Clock Pessimism Removal (CPR):    0.000ns
  Clock Uncertainty:      0.025ns  ((TSJ^2 + TIJ^2)^1/2 + DJ) / 2 + PE
    Total System Jitter     (TSJ):    0.050ns
    Total Input Jitter      (TIJ):    0.000ns
    Discrete Jitter          (DJ):    0.000ns
    Phase Error              (PE):    0.000ns

    Location             Delay type                Incr(ns)  Path(ns)    Netlist Resource(s)
  -------------------------------------------------------------------    -------------------
    U18                                               0.000     0.000 r  Reset (IN)
                         net (fo=0)                   0.000     0.000    Reset
    U18                  IBUF (Prop_ibuf_I_O)         1.441     1.441 r  Reset_IBUF_inst/O
                         net (fo=20, routed)          1.548     2.989    Reset_IBUF
    SLICE_X0Y20          FDRE                                         r  refresh_counter_reg[10]/R
  -------------------------------------------------------------------    -------------------

                         (clock Clk rise edge)        0.000     0.000 r  
    W5                                                0.000     0.000 r  Clk (IN)
                         net (fo=0)                   0.000     0.000    Clk
    W5                   IBUF (Prop_ibuf_I_O)         1.388     1.388 r  Clk_IBUF_inst/O
                         net (fo=1, routed)           1.862     3.250    Clk_IBUF
    BUFGCTRL_X0Y0        BUFG (Prop_bufg_I_O)         0.091     3.341 r  Clk_IBUF_BUFG_inst/O
                         net (fo=20, routed)          1.508     4.849    Clk_IBUF_BUFG
    SLICE_X0Y20          FDRE                                         r  refresh_counter_reg[10]/C

Slack:                    inf
  Source:                 Reset
                            (input port)
  Destination:            refresh_counter_reg[11]/R
                            (rising edge-triggered cell FDRE clocked by Clk  {rise@0.000ns fall@5.000ns period=10.000ns})
  Path Group:             (none)
  Path Type:              Setup (Max at Slow Process Corner)
  Data Path Delay:        2.989ns  (logic 1.441ns (48.213%)  route 1.548ns (51.787%))
  Logic Levels:           1  (IBUF=1)
  Clock Path Skew:        4.849ns (DCD - SCD + CPR)
    Destination Clock Delay (DCD):    4.849ns
    Source Clock Delay      (SCD):    0.000ns
    Clock Pessimism Removal (CPR):    0.000ns
  Clock Uncertainty:      0.025ns  ((TSJ^2 + TIJ^2)^1/2 + DJ) / 2 + PE
    Total System Jitter     (TSJ):    0.050ns
    Total Input Jitter      (TIJ):    0.000ns
    Discrete Jitter          (DJ):    0.000ns
    Phase Error              (PE):    0.000ns

    Location             Delay type                Incr(ns)  Path(ns)    Netlist Resource(s)
  -------------------------------------------------------------------    -------------------
    U18                                               0.000     0.000 r  Reset (IN)
                         net (fo=0)                   0.000     0.000    Reset
    U18                  IBUF (Prop_ibuf_I_O)         1.441     1.441 r  Reset_IBUF_inst/O
                         net (fo=20, routed)          1.548     2.989    Reset_IBUF
    SLICE_X0Y20          FDRE                                         r  refresh_counter_reg[11]/R
  -------------------------------------------------------------------    -------------------

                         (clock Clk rise edge)        0.000     0.000 r  
    W5                                                0.000     0.000 r  Clk (IN)
                         net (fo=0)                   0.000     0.000    Clk
    W5                   IBUF (Prop_ibuf_I_O)         1.388     1.388 r  Clk_IBUF_inst/O
                         net (fo=1, routed)           1.862     3.250    Clk_IBUF
    BUFGCTRL_X0Y0        BUFG (Prop_bufg_I_O)         0.091     3.341 r  Clk_IBUF_BUFG_inst/O
                         net (fo=20, routed)          1.508     4.849    Clk_IBUF_BUFG
    SLICE_X0Y20          FDRE                                         r  refresh_counter_reg[11]/C





Min Delay Paths
--------------------------------------------------------------------------------------
Slack:                    inf
  Source:                 Reset
                            (input port)
  Destination:            refresh_counter_reg[0]/R
                            (rising edge-triggered cell FDRE clocked by Clk  {rise@0.000ns fall@5.000ns period=10.000ns})
  Path Group:             (none)
  Path Type:              Hold (Min at Fast Process Corner)
  Data Path Delay:        0.712ns  (logic 0.210ns (29.423%)  route 0.503ns (70.577%))
  Logic Levels:           1  (IBUF=1)
  Clock Path Skew:        1.984ns (DCD - SCD - CPR)
    Destination Clock Delay (DCD):    1.984ns
    Source Clock Delay      (SCD):    0.000ns
    Clock Pessimism Removal (CPR):    -0.000ns

    Location             Delay type                Incr(ns)  Path(ns)    Netlist Resource(s)
  -------------------------------------------------------------------    -------------------
    U18                                               0.000     0.000 r  Reset (IN)
                         net (fo=0)                   0.000     0.000    Reset
    U18                  IBUF (Prop_ibuf_I_O)         0.210     0.210 r  Reset_IBUF_inst/O
                         net (fo=20, routed)          0.503     0.712    Reset_IBUF
    SLICE_X0Y18          FDRE                                         r  refresh_counter_reg[0]/R
  -------------------------------------------------------------------    -------------------

                         (clock Clk rise edge)        0.000     0.000 r  
    W5                                                0.000     0.000 r  Clk (IN)
                         net (fo=0)                   0.000     0.000    Clk
    W5                   IBUF (Prop_ibuf_I_O)         0.414     0.414 r  Clk_IBUF_inst/O
                         net (fo=1, routed)           0.685     1.099    Clk_IBUF
    BUFGCTRL_X0Y0        BUFG (Prop_bufg_I_O)         0.029     1.128 r  Clk_IBUF_BUFG_inst/O
                         net (fo=20, routed)          0.857     1.984    Clk_IBUF_BUFG
    SLICE_X0Y18          FDRE                                         r  refresh_counter_reg[0]/C

Slack:                    inf
  Source:                 Reset
                            (input port)
  Destination:            refresh_counter_reg[1]/R
                            (rising edge-triggered cell FDRE clocked by Clk  {rise@0.000ns fall@5.000ns period=10.000ns})
  Path Group:             (none)
  Path Type:              Hold (Min at Fast Process Corner)
  Data Path Delay:        0.712ns  (logic 0.210ns (29.423%)  route 0.503ns (70.577%))
  Logic Levels:           1  (IBUF=1)
  Clock Path Skew:        1.984ns (DCD - SCD - CPR)
    Destination Clock Delay (DCD):    1.984ns
    Source Clock Delay      (SCD):    0.000ns
    Clock Pessimism Removal (CPR):    -0.000ns

    Location             Delay type                Incr(ns)  Path(ns)    Netlist Resource(s)
  -------------------------------------------------------------------    -------------------
    U18                                               0.000     0.000 r  Reset (IN)
                         net (fo=0)                   0.000     0.000    Reset
    U18                  IBUF (Prop_ibuf_I_O)         0.210     0.210 r  Reset_IBUF_inst/O
                         net (fo=20, routed)          0.503     0.712    Reset_IBUF
    SLICE_X0Y18          FDRE                                         r  refresh_counter_reg[1]/R
  -------------------------------------------------------------------    -------------------

                         (clock Clk rise edge)        0.000     0.000 r  
    W5                                                0.000     0.000 r  Clk (IN)
                         net (fo=0)                   0.000     0.000    Clk
    W5                   IBUF (Prop_ibuf_I_O)         0.414     0.414 r  Clk_IBUF_inst/O
                         net (fo=1, routed)           0.685     1.099    Clk_IBUF
    BUFGCTRL_X0Y0        BUFG (Prop_bufg_I_O)         0.029     1.128 r  Clk_IBUF_BUFG_inst/O
                         net (fo=20, routed)          0.857     1.984    Clk_IBUF_BUFG
    SLICE_X0Y18          FDRE                                         r  refresh_counter_reg[1]/C

Slack:                    inf
  Source:                 Reset
                            (input port)
  Destination:            refresh_counter_reg[2]/R
                            (rising edge-triggered cell FDRE clocked by Clk  {rise@0.000ns fall@5.000ns period=10.000ns})
  Path Group:             (none)
  Path Type:              Hold (Min at Fast Process Corner)
  Data Path Delay:        0.712ns  (logic 0.210ns (29.423%)  route 0.503ns (70.577%))
  Logic Levels:           1  (IBUF=1)
  Clock Path Skew:        1.984ns (DCD - SCD - CPR)
    Destination Clock Delay (DCD):    1.984ns
    Source Clock Delay      (SCD):    0.000ns
    Clock Pessimism Removal (CPR):    -0.000ns

    Location             Delay type                Incr(ns)  Path(ns)    Netlist Resource(s)
  -------------------------------------------------------------------    -------------------
    U18                                               0.000     0.000 r  Reset (IN)
                         net (fo=0)                   0.000     0.000    Reset
    U18                  IBUF (Prop_ibuf_I_O)         0.210     0.210 r  Reset_IBUF_inst/O
                         net (fo=20, routed)          0.503     0.712    Reset_IBUF
    SLICE_X0Y18          FDRE                                         r  refresh_counter_reg[2]/R
  -------------------------------------------------------------------    -------------------

                         (clock Clk rise edge)        0.000     0.000 r  
    W5                                                0.000     0.000 r  Clk (IN)
                         net (fo=0)                   0.000     0.000    Clk
    W5                   IBUF (Prop_ibuf_I_O)         0.414     0.414 r  Clk_IBUF_inst/O
                         net (fo=1, routed)           0.685     1.099    Clk_IBUF
    BUFGCTRL_X0Y0        BUFG (Prop_bufg_I_O)         0.029     1.128 r  Clk_IBUF_BUFG_inst/O
                         net (fo=20, routed)          0.857     1.984    Clk_IBUF_BUFG
    SLICE_X0Y18          FDRE                                         r  refresh_counter_reg[2]/C

Slack:                    inf
  Source:                 Reset
                            (input port)
  Destination:            refresh_counter_reg[3]/R
                            (rising edge-triggered cell FDRE clocked by Clk  {rise@0.000ns fall@5.000ns period=10.000ns})
  Path Group:             (none)
  Path Type:              Hold (Min at Fast Process Corner)
  Data Path Delay:        0.712ns  (logic 0.210ns (29.423%)  route 0.503ns (70.577%))
  Logic Levels:           1  (IBUF=1)
  Clock Path Skew:        1.984ns (DCD - SCD - CPR)
    Destination Clock Delay (DCD):    1.984ns
    Source Clock Delay      (SCD):    0.000ns
    Clock Pessimism Removal (CPR):    -0.000ns

    Location             Delay type                Incr(ns)  Path(ns)    Netlist Resource(s)
  -------------------------------------------------------------------    -------------------
    U18                                               0.000     0.000 r  Reset (IN)
                         net (fo=0)                   0.000     0.000    Reset
    U18                  IBUF (Prop_ibuf_I_O)         0.210     0.210 r  Reset_IBUF_inst/O
                         net (fo=20, routed)          0.503     0.712    Reset_IBUF
    SLICE_X0Y18          FDRE                                         r  refresh_counter_reg[3]/R
  -------------------------------------------------------------------    -------------------

                         (clock Clk rise edge)        0.000     0.000 r  
    W5                                                0.000     0.000 r  Clk (IN)
                         net (fo=0)                   0.000     0.000    Clk
    W5                   IBUF (Prop_ibuf_I_O)         0.414     0.414 r  Clk_IBUF_inst/O
                         net (fo=1, routed)           0.685     1.099    Clk_IBUF
    BUFGCTRL_X0Y0        BUFG (Prop_bufg_I_O)         0.029     1.128 r  Clk_IBUF_BUFG_inst/O
                         net (fo=20, routed)          0.857     1.984    Clk_IBUF_BUFG
    SLICE_X0Y18          FDRE                                         r  refresh_counter_reg[3]/C

Slack:                    inf
  Source:                 Reset
                            (input port)
  Destination:            refresh_counter_reg[4]/R
                            (rising edge-triggered cell FDRE clocked by Clk  {rise@0.000ns fall@5.000ns period=10.000ns})
  Path Group:             (none)
  Path Type:              Hold (Min at Fast Process Corner)
  Data Path Delay:        0.775ns  (logic 0.210ns (27.022%)  route 0.566ns (72.978%))
  Logic Levels:           1  (IBUF=1)
  Clock Path Skew:        1.983ns (DCD - SCD - CPR)
    Destination Clock Delay (DCD):    1.983ns
    Source Clock Delay      (SCD):    0.000ns
    Clock Pessimism Removal (CPR):    -0.000ns

    Location             Delay type                Incr(ns)  Path(ns)    Netlist Resource(s)
  -------------------------------------------------------------------    -------------------
    U18                                               0.000     0.000 r  Reset (IN)
                         net (fo=0)                   0.000     0.000    Reset
    U18                  IBUF (Prop_ibuf_I_O)         0.210     0.210 r  Reset_IBUF_inst/O
                         net (fo=20, routed)          0.566     0.775    Reset_IBUF
    SLICE_X0Y19          FDRE                                         r  refresh_counter_reg[4]/R
  -------------------------------------------------------------------    -------------------

                         (clock Clk rise edge)        0.000     0.000 r  
    W5                                                0.000     0.000 r  Clk (IN)
                         net (fo=0)                   0.000     0.000    Clk
    W5                   IBUF (Prop_ibuf_I_O)         0.414     0.414 r  Clk_IBUF_inst/O
                         net (fo=1, routed)           0.685     1.099    Clk_IBUF
    BUFGCTRL_X0Y0        BUFG (Prop_bufg_I_O)         0.029     1.128 r  Clk_IBUF_BUFG_inst/O
                         net (fo=20, routed)          0.856     1.983    Clk_IBUF_BUFG
    SLICE_X0Y19          FDRE                                         r  refresh_counter_reg[4]/C

Slack:                    inf
  Source:                 Reset
                            (input port)
  Destination:            refresh_counter_reg[5]/R
                            (rising edge-triggered cell FDRE clocked by Clk  {rise@0.000ns fall@5.000ns period=10.000ns})
  Path Group:             (none)
  Path Type:              Hold (Min at Fast Process Corner)
  Data Path Delay:        0.775ns  (logic 0.210ns (27.022%)  route 0.566ns (72.978%))
  Logic Levels:           1  (IBUF=1)
  Clock Path Skew:        1.983ns (DCD - SCD - CPR)
    Destination Clock Delay (DCD):    1.983ns
    Source Clock Delay      (SCD):    0.000ns
    Clock Pessimism Removal (CPR):    -0.000ns

    Location             Delay type                Incr(ns)  Path(ns)    Netlist Resource(s)
  -------------------------------------------------------------------    -------------------
    U18                                               0.000     0.000 r  Reset (IN)
                         net (fo=0)                   0.000     0.000    Reset
    U18                  IBUF (Prop_ibuf_I_O)         0.210     0.210 r  Reset_IBUF_inst/O
                         net (fo=20, routed)          0.566     0.775    Reset_IBUF
    SLICE_X0Y19          FDRE                                         r  refresh_counter_reg[5]/R
  -------------------------------------------------------------------    -------------------

                         (clock Clk rise edge)        0.000     0.000 r  
    W5                                                0.000     0.000 r  Clk (IN)
                         net (fo=0)                   0.000     0.000    Clk
    W5                   IBUF (Prop_ibuf_I_O)         0.414     0.414 r  Clk_IBUF_inst/O
                         net (fo=1, routed)           0.685     1.099    Clk_IBUF
    BUFGCTRL_X0Y0        BUFG (Prop_bufg_I_O)         0.029     1.128 r  Clk_IBUF_BUFG_inst/O
                         net (fo=20, routed)          0.856     1.983    Clk_IBUF_BUFG
    SLICE_X0Y19          FDRE                                         r  refresh_counter_reg[5]/C

Slack:                    inf
  Source:                 Reset
                            (input port)
  Destination:            refresh_counter_reg[6]/R
                            (rising edge-triggered cell FDRE clocked by Clk  {rise@0.000ns fall@5.000ns period=10.000ns})
  Path Group:             (none)
  Path Type:              Hold (Min at Fast Process Corner)
  Data Path Delay:        0.775ns  (logic 0.210ns (27.022%)  route 0.566ns (72.978%))
  Logic Levels:           1  (IBUF=1)
  Clock Path Skew:        1.983ns (DCD - SCD - CPR)
    Destination Clock Delay (DCD):    1.983ns
    Source Clock Delay      (SCD):    0.000ns
    Clock Pessimism Removal (CPR):    -0.000ns

    Location             Delay type                Incr(ns)  Path(ns)    Netlist Resource(s)
  -------------------------------------------------------------------    -------------------
    U18                                               0.000     0.000 r  Reset (IN)
                         net (fo=0)                   0.000     0.000    Reset
    U18                  IBUF (Prop_ibuf_I_O)         0.210     0.210 r  Reset_IBUF_inst/O
                         net (fo=20, routed)          0.566     0.775    Reset_IBUF
    SLICE_X0Y19          FDRE                                         r  refresh_counter_reg[6]/R
  -------------------------------------------------------------------    -------------------

                         (clock Clk rise edge)        0.000     0.000 r  
    W5                                                0.000     0.000 r  Clk (IN)
                         net (fo=0)                   0.000     0.000    Clk
    W5                   IBUF (Prop_ibuf_I_O)         0.414     0.414 r  Clk_IBUF_inst/O
                         net (fo=1, routed)           0.685     1.099    Clk_IBUF
    BUFGCTRL_X0Y0        BUFG (Prop_bufg_I_O)         0.029     1.128 r  Clk_IBUF_BUFG_inst/O
                         net (fo=20, routed)          0.856     1.983    Clk_IBUF_BUFG
    SLICE_X0Y19          FDRE                                         r  refresh_counter_reg[6]/C

Slack:                    inf
  Source:                 Reset
                            (input port)
  Destination:            refresh_counter_reg[7]/R
                            (rising edge-triggered cell FDRE clocked by Clk  {rise@0.000ns fall@5.000ns period=10.000ns})
  Path Group:             (none)
  Path Type:              Hold (Min at Fast Process Corner)
  Data Path Delay:        0.775ns  (logic 0.210ns (27.022%)  route 0.566ns (72.978%))
  Logic Levels:           1  (IBUF=1)
  Clock Path Skew:        1.983ns (DCD - SCD - CPR)
    Destination Clock Delay (DCD):    1.983ns
    Source Clock Delay      (SCD):    0.000ns
    Clock Pessimism Removal (CPR):    -0.000ns

    Location             Delay type                Incr(ns)  Path(ns)    Netlist Resource(s)
  -------------------------------------------------------------------    -------------------
    U18                                               0.000     0.000 r  Reset (IN)
                         net (fo=0)                   0.000     0.000    Reset
    U18                  IBUF (Prop_ibuf_I_O)         0.210     0.210 r  Reset_IBUF_inst/O
                         net (fo=20, routed)          0.566     0.775    Reset_IBUF
    SLICE_X0Y19          FDRE                                         r  refresh_counter_reg[7]/R
  -------------------------------------------------------------------    -------------------

                         (clock Clk rise edge)        0.000     0.000 r  
    W5                                                0.000     0.000 r  Clk (IN)
                         net (fo=0)                   0.000     0.000    Clk
    W5                   IBUF (Prop_ibuf_I_O)         0.414     0.414 r  Clk_IBUF_inst/O
                         net (fo=1, routed)           0.685     1.099    Clk_IBUF
    BUFGCTRL_X0Y0        BUFG (Prop_bufg_I_O)         0.029     1.128 r  Clk_IBUF_BUFG_inst/O
                         net (fo=20, routed)          0.856     1.983    Clk_IBUF_BUFG
    SLICE_X0Y19          FDRE                                         r  refresh_counter_reg[7]/C

Slack:                    inf
  Source:                 Reset
                            (input port)
  Destination:            refresh_counter_reg[10]/R
                            (rising edge-triggered cell FDRE clocked by Clk  {rise@0.000ns fall@5.000ns period=10.000ns})
  Path Group:             (none)
  Path Type:              Hold (Min at Fast Process Corner)
  Data Path Delay:        0.839ns  (logic 0.210ns (24.983%)  route 0.629ns (75.017%))
  Logic Levels:           1  (IBUF=1)
  Clock Path Skew:        1.982ns (DCD - SCD - CPR)
    Destination Clock Delay (DCD):    1.982ns
    Source Clock Delay      (SCD):    0.000ns
    Clock Pessimism Removal (CPR):    -0.000ns

    Location             Delay type                Incr(ns)  Path(ns)    Netlist Resource(s)
  -------------------------------------------------------------------    -------------------
    U18                                               0.000     0.000 r  Reset (IN)
                         net (fo=0)                   0.000     0.000    Reset
    U18                  IBUF (Prop_ibuf_I_O)         0.210     0.210 r  Reset_IBUF_inst/O
                         net (fo=20, routed)          0.629     0.839    Reset_IBUF
    SLICE_X0Y20          FDRE                                         r  refresh_counter_reg[10]/R
  -------------------------------------------------------------------    -------------------

                         (clock Clk rise edge)        0.000     0.000 r  
    W5                                                0.000     0.000 r  Clk (IN)
                         net (fo=0)                   0.000     0.000    Clk
    W5                   IBUF (Prop_ibuf_I_O)         0.414     0.414 r  Clk_IBUF_inst/O
                         net (fo=1, routed)           0.685     1.099    Clk_IBUF
    BUFGCTRL_X0Y0        BUFG (Prop_bufg_I_O)         0.029     1.128 r  Clk_IBUF_BUFG_inst/O
                         net (fo=20, routed)          0.855     1.982    Clk_IBUF_BUFG
    SLICE_X0Y20          FDRE                                         r  refresh_counter_reg[10]/C

Slack:                    inf
  Source:                 Reset
                            (input port)
  Destination:            refresh_counter_reg[11]/R
                            (rising edge-triggered cell FDRE clocked by Clk  {rise@0.000ns fall@5.000ns period=10.000ns})
  Path Group:             (none)
  Path Type:              Hold (Min at Fast Process Corner)
  Data Path Delay:        0.839ns  (logic 0.210ns (24.983%)  route 0.629ns (75.017%))
  Logic Levels:           1  (IBUF=1)
  Clock Path Skew:        1.982ns (DCD - SCD - CPR)
    Destination Clock Delay (DCD):    1.982ns
    Source Clock Delay      (SCD):    0.000ns
    Clock Pessimism Removal (CPR):    -0.000ns

    Location             Delay type                Incr(ns)  Path(ns)    Netlist Resource(s)
  -------------------------------------------------------------------    -------------------
    U18                                               0.000     0.000 r  Reset (IN)
                         net (fo=0)                   0.000     0.000    Reset
    U18                  IBUF (Prop_ibuf_I_O)         0.210     0.210 r  Reset_IBUF_inst/O
                         net (fo=20, routed)          0.629     0.839    Reset_IBUF
    SLICE_X0Y20          FDRE                                         r  refresh_counter_reg[11]/R
  -------------------------------------------------------------------    -------------------

                         (clock Clk rise edge)        0.000     0.000 r  
    W5                                                0.000     0.000 r  Clk (IN)
                         net (fo=0)                   0.000     0.000    Clk
    W5                   IBUF (Prop_ibuf_I_O)         0.414     0.414 r  Clk_IBUF_inst/O
                         net (fo=1, routed)           0.685     1.099    Clk_IBUF
    BUFGCTRL_X0Y0        BUFG (Prop_bufg_I_O)         0.029     1.128 r  Clk_IBUF_BUFG_inst/O
                         net (fo=20, routed)          0.855     1.982    Clk_IBUF_BUFG
    SLICE_X0Y20          FDRE                                         r  refresh_counter_reg[11]/C





